,d_spell,f_spell,champion,side,assists,damage_objectives,damage_building,damage_turrets,deaths,gold_earned,kda,kills,level,time_cc,damage_total,damage_taken,total_minions_killed,turret_kills,vision_score,result
0,12,4,Viktor,Side.red,5,1144,1144,1144,14,8732,0.42857142857142855,1,13,21,103329,31230,159,0,14,False
1,4,7,Kaisa,Side.red,16,8030,18975,8030,9,19383,2.7777777777777777,9,18,0,295386,39179,269,5,38,True
2,4,12,LeeSin,Side.red,1,8702,9782,8702,8,14166,1.375,10,14,12,137625,35191,193,3,28,False
3,4,12,Ziggs,Side.blue,13,29156,34282,29156,0,16811,21.0,8,16,12,258936,8486,288,5,26,True
4,3,4,Sona,Side.blue,21,2664,5047,2664,2,9511,12.5,4,14,12,20349,11131,15,2,49,True
5,4,12,MonkeyKing,Side.red,9,7176,14392,7176,4,10232,2.75,2,15,6,109560,22680,187,2,29,True
6,7,4,Ezreal,Side.blue,8,15651,27717,15651,3,17132,6.666666666666667,12,15,8,207805,20556,220,5,25,True
7,4,14,Lulu,Side.blue,2,0,0,0,9,4953,0.2222222222222222,0,9,17,3633,11329,12,0,35,False
8,14,4,Zilean,Side.red,5,376,3866,376,4,6173,1.25,0,12,11,34685,11842,32,0,55,False
9,4,12,Fiora,Side.red,4,5508,8749,5508,6,10226,1.1666666666666667,3,14,3,116273,26537,209,1,15,False
10,12,4,Viktor,Side.red,3,3326,4662,3326,7,11431,1.7142857142857142,9,14,14,100989,17455,160,1,12,False
11,12,4,Sett,Side.red,1,3826,3826,3826,8,6822,0.5,3,11,13,50907,22356,100,1,6,False
12,14,4,Pyke,Side.red,14,174,174,174,8,10547,2.125,3,14,25,26635,20575,37,0,88,False
13,4,3,Yasuo,Side.red,4,1041,3288,1041,6,8732,1.0,2,12,21,121971,22315,164,0,10,False
14,14,12,Gwen,Side.blue,0,947,1667,947,12,8724,0.25,3,13,4,87835,27938,138,1,13,False
15,4,3,Vayne,Side.red,1,5409,13709,5409,2,9745,1.5,2,14,5,104173,12065,191,3,15,True
16,14,11,Shaco,Side.blue,4,789,10538,789,2,10845,6.5,9,14,18,143337,18274,13,1,28,True
17,4,11,MasterYi,Side.blue,3,295,23362,295,7,11056,1.2857142857142858,6,14,3,155267,32315,16,0,30,False
18,14,4,Vex,Side.red,20,1324,2740,1324,11,9469,2.0,2,13,37,47222,21298,16,2,83,True
19,4,21,Warwick,Side.red,5,2946,2946,2946,7,8034,1.0,2,12,10,66833,25825,126,1,10,False
20,4,14,Vex,Side.red,0,577,635,577,9,5057,0.0,0,10,21,27888,14852,29,0,38,False
21,4,14,Gragas,Side.blue,9,293,5196,293,7,12992,2.4285714285714284,8,17,42,147369,30587,201,1,21,False
22,12,4,Irelia,Side.red,11,3139,11090,3139,9,11940,1.6666666666666667,4,15,15,139818,28489,199,1,17,True
23,7,4,Jinx,Side.red,15,12151,23262,12151,2,14343,12.5,10,15,16,176487,13059,174,4,25,True
24,4,14,Zed,Side.red,9,6977,10358,6977,5,12526,3.4,8,15,8,138788,20683,189,4,37,True
25,14,4,Lulu,Side.red,8,199,715,199,4,7030,3.0,4,12,22,16564,10983,16,0,43,False
26,7,4,Jinx,Side.red,8,3454,16816,3454,4,11192,4.25,9,14,17,123078,14540,161,2,19,True
27,4,11,Graves,Side.blue,9,115,10104,115,2,6748,5.0,1,11,13,100520,12521,6,0,16,True
28,11,4,LeeSin,Side.blue,4,1392,36433,1392,4,10345,2.5,6,14,15,153330,29995,28,3,36,False
29,12,4,Lissandra,Side.blue,7,2174,6576,2174,6,12328,1.6666666666666667,3,16,33,181111,19201,232,1,27,False
30,14,4,Gragas,Side.blue,14,534,2103,534,5,9203,3.4,3,14,48,37200,29040,37,0,83,True
31,7,4,Seraphine,Side.red,8,171,1487,171,5,6220,1.6,0,11,19,27416,12387,31,0,54,False
32,4,12,Jayce,Side.red,3,3752,3752,3752,10,8462,0.5,2,14,4,102704,17099,179,1,31,False
33,4,7,Soraka,Side.blue,22,703,6541,703,3,8065,7.666666666666667,1,14,26,19270,12807,13,1,45,True
34,4,6,Jhin,Side.red,8,2421,2793,2421,6,9477,1.8333333333333333,3,12,22,117000,17649,173,0,11,False
35,4,14,Ahri,Side.red,1,0,128,0,5,5523,0.6,2,10,12,58141,9809,111,0,7,False
36,4,7,Nami,Side.red,5,0,0,0,4,4694,1.25,0,9,9,6007,10223,4,0,45,False
37,4,12,MonkeyKing,Side.red,4,3204,4346,3204,4,9933,1.75,3,13,11,96375,18136,180,1,10,False
38,11,4,Graves,Side.red,7,227,32363,227,9,12075,1.7777777777777777,9,15,14,193354,27540,50,0,23,False
39,4,11,LeeSin,Side.blue,7,3319,40434,3319,2,9702,6.5,6,13,11,154505,18609,24,0,9,True
40,11,4,Evelynn,Side.red,10,0,19123,0,5,13465,3.8,9,17,8,177645,30089,26,0,32,True
41,14,4,Katarina,Side.blue,2,146,1551,146,6,7047,0.8333333333333334,3,11,0,78756,13204,110,0,12,False
42,14,11,Shaco,Side.red,14,2339,30489,2339,3,12771,6.0,4,16,27,171197,26029,71,3,36,True
43,4,3,Ashe,Side.blue,7,57,3242,57,10,11041,1.4,7,14,42,109384,17708,194,0,20,False
44,4,14,Rakan,Side.red,7,158,498,158,2,6592,4.0,1,10,14,17787,12604,33,0,74,False
45,4,3,Rakan,Side.blue,19,1794,4045,1794,3,7767,6.666666666666667,1,12,31,19235,11662,29,1,59,True
46,11,4,Lillia,Side.red,6,0,4838,0,11,9391,0.8181818181818182,3,13,15,122970,33353,59,0,21,False
47,4,3,Jhin,Side.blue,6,714,7270,714,6,13711,1.8333333333333333,5,17,16,201140,23512,252,1,42,True
48,4,12,Fiora,Side.red,2,5095,5332,5095,5,9745,1.4,5,13,10,99360,21634,157,1,24,False
49,14,4,Katarina,Side.red,1,562,562,562,1,6372,6.0,5,11,0,42989,7793,96,1,19,True
50,7,4,Jinx,Side.blue,18,5709,33362,5709,3,19820,10.333333333333334,13,18,12,323215,19339,287,2,44,True
51,14,4,Sylas,Side.red,12,1649,1649,1649,6,12826,3.6666666666666665,10,14,16,83992,23562,64,3,45,True
52,11,14,Shaco,Side.blue,7,0,21561,0,8,12240,1.875,8,15,28,162601,23880,28,0,26,False
53,12,4,Fiora,Side.blue,5,15432,24901,15432,3,14571,4.333333333333333,8,16,9,186754,34153,233,5,12,True
54,4,12,Jayce,Side.red,6,8543,13092,8543,7,16201,2.0,8,17,8,222366,24328,237,3,32,False
55,14,4,Katarina,Side.red,7,581,12661,581,4,15767,5.75,16,18,3,164269,31380,184,1,25,True
56,4,1,Draven,Side.blue,13,8115,24171,8115,4,16755,5.75,10,16,12,191692,21421,224,4,33,True
57,3,14,Yuumi,Side.red,23,1937,1976,1937,1,8462,24.0,1,14,10,10538,4158,8,1,43,True
58,4,12,MonkeyKing,Side.red,2,937,3590,937,6,8165,0.8333333333333334,3,13,8,73954,19652,157,0,11,False
59,4,3,Zilean,Side.red,9,59,1174,59,5,6788,2.2,2,12,19,15059,12392,20,0,64,False
60,11,4,Graves,Side.red,17,5124,51784,5124,1,15068,24.0,7,18,16,249852,26148,46,5,37,True
61,4,12,Jax,Side.blue,1,695,1944,695,5,8597,0.4,1,14,9,113255,20881,204,0,20,False
62,12,4,Renekton,Side.red,7,2886,5742,2886,5,11966,2.0,3,15,18,139962,26878,225,2,30,False
63,12,6,Singed,Side.red,9,469,1709,469,8,8553,1.5,3,12,38,56365,22663,111,1,25,False
64,12,4,Urgot,Side.red,10,8126,14255,8126,0,12794,18.0,8,15,28,120079,13877,159,3,16,True
65,12,4,Viego,Side.red,8,5145,25179,5145,2,18763,8.0,8,18,13,294167,27825,292,2,27,True
66,14,4,Thresh,Side.blue,7,16,2728,16,5,5656,1.6,1,9,22,14758,10148,33,0,58,False
67,4,3,Ezreal,Side.red,6,7023,10827,7023,3,13112,6.666666666666667,14,13,4,118451,16173,149,2,6,True
68,12,14,Sejuani,Side.red,13,0,0,0,9,13520,2.111111111111111,6,17,38,169351,42471,212,0,22,False
69,4,1,Aphelios,Side.blue,8,5517,15083,5517,4,13675,3.25,5,15,20,173199,19185,229,2,33,True
70,4,11,LeeSin,Side.red,13,0,28990,0,1,10878,20.0,7,15,17,154801,26231,23,1,25,True
71,4,7,MissFortune,Side.blue,5,0,0,0,9,8459,0.8888888888888888,3,11,9,78190,15293,152,0,9,False
72,11,14,Talon,Side.red,5,608,25955,608,3,11519,6.333333333333333,14,13,3,136940,17709,29,1,20,True
73,1,4,Senna,Side.blue,6,4054,5753,4054,7,10908,1.8571428571428572,7,14,24,83410,18607,138,1,12,True
74,4,12,Camille,Side.red,5,7510,11999,7510,0,13212,10.0,5,17,21,140968,22166,239,3,26,True
75,4,3,Lux,Side.red,7,0,463,0,5,5967,1.8,2,11,37,29382,7527,23,0,33,False
76,4,12,Poppy,Side.red,6,11506,14152,11506,6,13113,1.3333333333333333,2,16,25,143437,29862,200,5,34,True
77,6,11,Hecarim,Side.blue,11,2030,32203,2030,7,12651,2.2857142857142856,5,16,13,202606,39159,33,1,22,False
78,12,4,Galio,Side.red,19,3054,5822,3054,1,9004,20.0,1,14,27,104171,12727,137,0,32,True
79,12,4,Yone,Side.blue,4,4836,6459,4836,2,9175,3.0,2,13,8,98181,13151,152,1,10,True
80,11,4,Graves,Side.blue,9,1403,30053,1403,7,14748,2.2857142857142856,7,16,30,207489,25542,71,1,52,False
81,12,4,Yone,Side.red,13,4270,16079,4270,9,15673,2.111111111111111,6,18,18,244245,32491,219,1,30,True
82,14,4,Rakan,Side.red,11,1946,2203,1946,1,6779,15.0,4,10,16,20208,6456,27,0,35,True
83,4,11,Viego,Side.blue,12,0,29625,0,7,12928,2.2857142857142856,4,16,21,178797,42907,36,1,39,True
84,4,11,Lillia,Side.blue,11,217,21512,217,9,11932,1.6666666666666667,4,15,19,197142,40252,40,0,36,False
85,4,14,Zyra,Side.red,13,1165,2988,1165,10,12383,1.9,6,14,41,71966,18115,48,0,68,False
86,4,11,Olaf,Side.blue,7,251,51064,251,4,13870,3.75,8,17,12,222601,46572,32,0,34,True
87,3,4,Tristana,Side.blue,9,4217,4526,4217,8,11665,1.75,5,14,13,147686,29912,161,1,19,False
88,14,4,Thresh,Side.blue,22,365,844,365,3,10048,7.666666666666667,1,15,34,18943,18445,44,0,114,True
89,3,4,Leona,Side.red,13,0,843,0,3,7745,4.666666666666667,1,13,53,16902,15523,45,0,86,True
90,4,3,Soraka,Side.blue,17,783,1418,783,1,6615,17.0,0,11,26,10751,6578,7,0,42,True
91,6,4,Jhin,Side.red,4,1899,1899,1899,2,9860,5.0,6,11,15,138337,13956,179,1,15,False
92,4,21,Lux,Side.red,11,3560,5140,3560,4,9883,2.75,0,15,42,129981,14786,190,1,22,True
93,4,11,Ivern,Side.red,9,0,3207,0,6,9154,2.0,3,13,28,322880,17237,17,0,19,False
94,4,14,Fizz,Side.red,11,714,773,714,8,12251,2.875,12,16,17,93242,25547,140,0,22,True
95,4,14,Morgana,Side.red,7,67,67,67,10,5168,0.8,1,9,32,7016,16376,2,0,56,False
96,4,12,Viktor,Side.blue,11,3404,9853,3404,10,17011,1.8,7,18,43,211534,32653,208,1,25,True
97,4,7,Swain,Side.blue,8,422,603,422,9,11366,1.7777777777777777,8,15,60,119146,36498,181,0,11,False
98,4,12,Fiora,Side.red,3,10469,10690,10469,4,12994,2.25,6,15,10,110518,35176,181,4,14,False
99,4,6,Tryndamere,Side.red,2,15213,28279,15213,6,16169,1.5,7,18,6,236190,35574,241,5,38,True
100,14,4,Thresh,Side.red,9,876,876,876,1,5720,11.0,2,9,14,15799,5352,30,1,32,True
101,4,7,Aphelios,Side.blue,8,7955,7955,7955,5,9665,3.0,7,12,17,101010,16284,135,4,17,True
102,4,11,Lillia,Side.red,1,0,1312,0,8,5923,0.25,1,11,15,100150,26289,24,0,8,False
103,14,4,RekSai,Side.blue,1,1908,1908,1908,7,6123,0.5714285714285714,3,11,10,77635,15899,102,0,13,False
104,11,4,LeeSin,Side.blue,9,0,2739,0,8,8007,1.875,6,10,8,52617,17593,9,0,15,False
105,14,4,Zilean,Side.red,12,4154,6313,4154,0,8789,18.0,6,13,33,42817,3355,31,0,31,True
106,3,4,Aphelios,Side.blue,4,2107,2279,2107,6,8530,0.8333333333333334,1,12,10,115766,18070,187,1,16,False
107,12,4,Yasuo,Side.blue,7,7560,18801,7560,12,17154,1.0833333333333333,6,18,32,298194,32213,259,5,26,True
108,12,14,Fiora,Side.red,0,7162,8282,7162,6,8439,0.3333333333333333,2,13,11,90381,20509,144,3,9,True
109,12,4,Kennen,Side.red,6,0,0,0,6,6804,1.3333333333333333,2,12,16,57620,12566,112,0,12,False
110,4,12,Irelia,Side.blue,12,4292,28477,4292,7,19756,3.0,9,18,22,281188,49785,318,1,23,False
111,4,11,Nidalee,Side.red,4,2500,25945,2500,2,11117,6.0,8,14,6,154843,23469,21,2,22,True
112,11,4,RekSai,Side.red,2,23,12910,23,7,6010,0.5714285714285714,2,9,6,73604,18240,2,0,6,False
113,4,7,Sona,Side.blue,18,4597,5362,4597,4,8636,5.0,2,11,15,31471,10369,44,1,21,True
114,4,1,Aphelios,Side.blue,4,5059,9795,5059,6,11782,1.3333333333333333,4,14,14,172616,19799,213,1,21,False
115,4,3,Jinx,Side.blue,9,5748,13217,5748,5,13511,4.6,14,14,15,123637,16356,140,1,24,True
116,11,4,Nunu,Side.blue,10,257,26405,257,7,8142,1.7142857142857142,2,11,27,114252,25765,16,0,25,False
117,14,12,Shaco,Side.blue,3,0,0,0,2,8165,2.5,2,14,26,88869,16241,147,0,29,False
118,14,12,Jax,Side.blue,0,1300,1300,1300,4,7203,0.5,2,12,6,70249,11654,139,1,23,False
119,4,14,Anivia,Side.red,6,1829,13459,1829,6,13632,2.3333333333333335,8,15,40,171858,26026,199,1,25,False
120,1,4,Vayne,Side.blue,7,3498,4306,3498,8,14676,1.875,8,14,6,169349,22067,232,1,23,False
121,11,6,Hecarim,Side.blue,5,0,2621,0,10,10793,1.3,8,14,20,130489,34802,63,0,20,False
122,14,4,Lulu,Side.blue,20,710,2715,710,7,10176,3.142857142857143,2,15,39,17818,15115,19,1,51,True
123,4,14,Maokai,Side.blue,16,302,302,302,4,6009,4.0,0,10,42,25326,11542,29,0,30,True
124,12,4,Velkoz,Side.red,12,2153,3338,2153,12,12518,1.25,3,17,33,187432,26878,220,1,27,False
125,14,4,Nautilus,Side.blue,14,367,367,367,5,10042,3.8,5,14,66,28809,22747,47,1,106,False
126,4,11,Ekko,Side.blue,6,685,21797,685,5,8588,1.6,2,12,13,119419,20064,23,3,22,False
127,4,14,Qiyana,Side.red,3,2421,8454,2421,10,11233,0.7,4,15,20,139933,23210,177,2,26,False
128,12,4,Urgot,Side.red,5,4915,12280,4915,3,16528,5.0,10,18,33,238443,29472,250,1,32,True
129,4,7,Aphelios,Side.red,8,7194,15656,7194,5,12082,3.4,9,14,27,121761,17002,146,2,30,True
130,4,14,Graves,Side.blue,8,8705,20459,8705,1,12705,18.0,10,15,19,158840,14914,187,5,18,True
131,4,11,Khazix,Side.blue,12,759,66970,759,11,15032,1.6363636363636365,6,18,11,285121,46032,40,1,41,True
132,4,14,Vex,Side.red,15,1454,4484,1454,4,9373,5.25,6,12,28,51525,10403,33,0,39,True
133,11,4,Elise,Side.red,12,16,19940,16,10,13783,2.1,9,16,15,164523,30114,48,0,32,True
134,4,3,Lucian,Side.red,4,3014,3014,3014,5,8571,1.8,5,11,3,77397,12058,143,1,6,True
135,3,4,Braum,Side.blue,24,72,1573,72,3,8763,8.0,0,15,49,30313,25838,37,0,91,False
136,12,4,Yone,Side.blue,2,66,1416,66,8,8839,0.625,3,13,8,84994,19841,161,0,17,False
137,4,14,Zed,Side.blue,5,3683,8414,3683,5,14338,3.6,13,15,6,137415,16263,153,1,13,True
138,4,14,Nautilus,Side.red,19,63,1292,63,6,11294,3.8333333333333335,4,16,60,28168,33520,47,0,133,True
139,4,7,Draven,Side.blue,5,4986,4986,4986,3,10159,4.0,7,11,4,83716,10224,165,3,21,True
140,4,11,Nidalee,Side.blue,8,373,22973,373,12,10554,1.25,7,13,8,149954,38510,20,0,21,False
141,4,11,Evelynn,Side.red,7,1590,25198,1590,0,12235,15.0,8,15,7,152038,18127,39,2,26,True
142,14,12,Camille,Side.red,8,7943,15279,7943,8,14951,2.0,8,18,22,164211,47290,213,3,20,True
143,4,14,Zoe,Side.blue,12,2664,2664,2664,4,12665,6.0,12,15,40,88886,13155,144,0,23,True
144,7,3,Yuumi,Side.blue,14,173,173,173,5,7184,3.0,1,13,22,14357,9080,12,0,54,False
145,4,14,Zoe,Side.blue,7,1908,4769,1908,2,10530,5.5,4,15,25,102733,7431,181,0,25,True
146,4,7,Caitlyn,Side.red,19,8393,15828,8393,6,11721,4.0,5,14,5,109834,16204,133,5,9,True
147,7,4,Nami,Side.red,12,171,257,171,3,7265,4.333333333333333,1,12,24,13353,11100,13,0,78,False
148,11,4,Zac,Side.blue,17,1836,20663,1836,4,16477,6.75,10,18,93,243113,57823,45,1,21,True
149,4,7,Draven,Side.red,5,8326,25536,8326,4,17453,4.75,14,15,5,179816,19089,211,1,38,True
150,6,12,TahmKench,Side.blue,8,4478,6187,4478,2,11387,5.5,3,16,15,97486,25759,181,2,18,True
151,3,14,Yuumi,Side.blue,29,1235,1700,1235,3,9962,10.666666666666666,3,15,18,20411,7252,4,1,54,True
152,4,12,Vex,Side.red,2,1343,1343,1343,4,7305,1.75,5,12,27,72770,10442,148,0,10,False
153,4,14,Morgana,Side.red,13,224,496,224,9,9195,1.4444444444444444,0,14,43,17218,26639,23,0,120,False
154,3,4,Swain,Side.red,8,514,1023,514,10,11435,1.8,10,13,53,97878,27792,158,0,17,False
155,11,4,Khazix,Side.blue,11,1609,34039,1609,7,13822,3.0,10,15,7,167122,24645,35,3,36,True
156,4,11,XinZhao,Side.red,10,1598,28035,1598,2,12715,10.5,11,15,21,170225,32078,28,1,16,True
157,4,12,Vex,Side.blue,8,2399,2399,2399,5,9718,2.8,6,14,18,96215,11586,146,0,27,True
158,4,14,Blitzcrank,Side.blue,23,187,519,187,4,9664,6.75,4,14,42,22982,20345,39,0,93,True
159,4,12,DrMundo,Side.red,10,5396,12067,5396,8,12912,1.75,4,16,19,172007,58113,227,2,19,False
160,11,4,Vi,Side.blue,7,1730,24153,1730,0,10149,12.0,5,14,17,129686,20831,16,0,26,True
161,14,11,Talon,Side.red,4,0,10307,0,7,7588,1.1428571428571428,4,12,2,108301,21924,5,1,14,False
162,4,12,Renekton,Side.red,5,398,398,398,5,7288,1.4,2,12,15,76844,18913,139,0,15,True
163,4,1,Aphelios,Side.blue,1,2301,2301,2301,0,6916,4.0,3,9,7,48184,4231,129,1,9,True
164,4,3,Aphelios,Side.red,6,5248,10522,5248,8,9702,1.625,7,12,21,78053,15589,115,0,8,True
165,3,4,Jhin,Side.red,4,0,4592,0,1,5717,6.0,2,9,9,52569,4999,128,0,7,False
166,4,6,Tryndamere,Side.blue,4,7424,23126,7424,6,18342,2.5,11,18,16,278401,39358,292,3,44,False
167,4,3,Lucian,Side.red,4,1922,1922,1922,8,9800,0.875,3,12,2,111104,18261,204,1,24,False
168,12,4,Chogath,Side.blue,6,321,5570,321,6,8846,1.3333333333333333,2,14,67,77129,31447,126,0,24,True
169,12,4,Jayce,Side.red,4,1554,1554,1554,12,8386,0.75,5,10,7,63822,19092,104,0,16,False
170,4,12,MonkeyKing,Side.red,6,3535,4370,3535,2,10540,7.0,8,14,10,70650,13840,136,1,17,True
171,12,4,Ryze,Side.blue,10,4064,14034,4064,2,12838,10.5,11,14,26,162714,12717,170,1,18,True
172,3,4,Lulu,Side.blue,5,761,1472,761,6,6530,1.0,1,11,14,10848,14958,21,0,52,False
173,4,12,TwistedFate,Side.red,8,1815,1984,1815,4,8454,2.25,1,13,23,111892,10164,161,0,7,True
174,7,4,Lucian,Side.blue,5,3345,22642,3345,9,16063,1.6666666666666667,10,17,0,232098,30119,245,2,31,True
175,4,7,Kaisa,Side.blue,0,0,342,0,8,3620,0.0,0,8,0,26820,10663,69,0,8,False
176,12,14,Gwen,Side.red,1,6432,8821,6432,2,10986,5.0,9,15,5,109827,11610,188,3,24,True
177,4,12,Jayce,Side.blue,6,9003,12251,9003,4,14588,3.5,8,16,7,157203,13594,196,4,22,True
178,12,4,Sylas,Side.blue,9,4299,4299,4299,3,13563,8.333333333333334,16,15,35,115721,28231,167,2,26,True
179,14,4,Thresh,Side.red,15,276,4770,276,8,6913,2.0,1,11,35,19843,18689,33,0,70,False
180,14,4,Rakan,Side.red,5,408,475,408,6,5984,1.1666666666666667,2,9,23,7065,12660,9,0,63,False
181,14,4,Blitzcrank,Side.blue,7,492,492,492,10,6971,1.0,3,12,39,16929,26955,34,0,69,False
182,11,4,Ekko,Side.red,1,2056,8032,2056,3,9953,2.3333333333333335,6,13,7,132959,20508,50,0,14,False
183,4,1,Jinx,Side.blue,12,4932,20600,4932,4,11596,4.5,6,13,16,128044,11849,150,2,26,True
184,4,12,Fiora,Side.red,1,369,530,369,3,5928,0.6666666666666666,1,12,5,49576,19076,127,0,11,False
185,11,4,Ekko,Side.red,4,2281,29991,2281,2,9345,6.0,8,12,14,124685,15556,30,1,17,True
186,11,4,Kindred,Side.red,5,2193,6780,2193,10,12619,1.3,8,14,8,159135,24861,69,2,19,False
187,14,4,Leona,Side.red,7,0,150,0,7,6394,1.2857142857142858,2,11,46,21984,17615,35,0,62,False
188,12,14,Sejuani,Side.blue,11,3798,6292,3798,3,10767,6.333333333333333,8,14,25,93824,20926,135,2,18,True
189,11,4,Elise,Side.blue,9,818,37588,818,5,14792,4.4,13,17,32,181728,32035,21,2,54,False
190,12,4,Irelia,Side.blue,0,1536,4595,1536,12,8530,0.08333333333333333,1,13,10,125067,27728,182,1,10,False
191,4,14,Akshan,Side.blue,2,1711,2783,1711,4,8437,2.5,8,11,2,68136,8159,124,1,9,True
192,11,4,Ekko,Side.red,6,1965,28720,1965,1,9065,13.0,7,11,18,105600,15262,12,2,11,True
193,6,11,Hecarim,Side.red,13,1828,20889,1828,4,12929,5.5,9,16,30,193352,37771,39,1,27,True
194,4,12,Lucian,Side.blue,14,6013,26216,6013,12,20204,1.6666666666666667,6,18,1,328121,47162,282,3,55,False
195,12,4,Viktor,Side.blue,7,4871,11297,4871,5,15208,2.8,7,17,20,173389,22314,231,1,32,False
196,14,4,Qiyana,Side.red,3,795,2406,795,8,13266,2.0,13,15,27,119441,24563,154,0,20,False
197,4,11,Fiddlesticks,Side.blue,2,0,2585,0,9,7394,0.4444444444444444,2,10,15,81576,21254,29,0,26,False
198,11,4,Nidalee,Side.red,12,1618,60059,1618,4,16735,8.25,21,17,4,230765,35532,28,1,14,True
199,14,4,Thresh,Side.blue,4,0,472,0,6,4381,0.8333333333333334,1,9,13,13176,8272,25,0,33,False
200,4,6,Tryndamere,Side.red,3,4996,5648,4996,5,11325,1.4,4,14,10,121512,20395,202,1,20,False
201,4,12,Orianna,Side.red,5,2081,8075,2081,6,11066,1.1666666666666667,2,15,24,136031,18659,205,1,21,False
202,7,4,Jhin,Side.blue,11,2142,6745,2142,10,16249,2.4,13,17,27,187178,23000,224,2,42,True
203,4,12,Chogath,Side.blue,1,2366,2366,2366,6,8933,0.6666666666666666,3,13,49,101065,20021,166,2,11,False
204,12,4,Sylas,Side.red,5,6521,10405,6521,3,9717,2.3333333333333335,2,16,14,116481,18745,176,2,12,True
205,14,4,Lulu,Side.red,13,1586,1920,1586,5,8816,2.6,0,14,31,22332,14966,16,0,103,True
206,4,12,Gangplank,Side.red,10,6112,21515,6112,7,13121,1.8571428571428572,3,16,6,202701,25157,212,3,26,False
207,4,12,Yone,Side.blue,12,3850,7003,3850,5,10819,3.6,6,15,41,125228,25328,165,0,10,True
208,7,4,Lux,Side.blue,8,2013,3963,2013,4,10794,2.5,2,15,27,71051,9024,66,1,89,False
209,7,4,Jinx,Side.red,11,1897,11758,1897,10,14450,2.0,9,15,20,209164,27542,246,0,29,False
210,11,4,Ekko,Side.blue,11,2780,16950,2780,4,12088,4.75,8,15,20,181536,26816,50,0,44,False
211,4,12,Viktor,Side.red,8,777,5554,777,5,10874,2.0,2,17,16,177523,20543,228,0,38,False
212,14,4,Karma,Side.red,5,738,738,738,3,5466,1.6666666666666667,0,10,18,23563,6824,20,0,30,False
213,4,14,Rumble,Side.blue,5,4038,5640,4038,11,15861,1.4545454545454546,11,17,14,200317,29591,234,1,18,False
214,7,4,Soraka,Side.blue,6,623,623,623,8,5371,1.0,2,9,25,10190,12472,3,0,39,False
215,4,12,TwistedFate,Side.red,11,1138,2721,1138,10,11462,1.5,4,15,35,122355,26207,174,1,17,True
216,4,3,Bard,Side.red,10,139,396,139,6,6527,2.1666666666666665,3,10,18,11020,10448,14,0,45,False
217,12,4,Fiora,Side.red,3,11628,12823,11628,3,11953,1.6666666666666667,2,15,8,124111,22088,213,4,22,False
218,4,11,Khazix,Side.red,5,758,23821,758,9,13237,1.5555555555555556,9,16,13,215541,35255,58,1,45,False
219,12,4,Ryze,Side.red,1,1078,2656,1078,9,12799,0.6666666666666666,5,15,33,151517,24194,201,0,39,False
220,12,14,Camille,Side.red,4,0,0,0,8,8086,0.75,2,14,18,81931,23087,159,0,19,False
221,6,4,Tryndamere,Side.blue,8,3283,3480,3283,3,10292,4.0,4,14,6,101323,16005,147,1,12,True
222,3,4,Lucian,Side.blue,13,8053,29178,8053,6,20869,4.166666666666667,12,18,5,347448,29315,318,3,40,True
223,14,4,Zilean,Side.blue,10,1088,1088,1088,4,7049,3.25,3,11,25,29755,11891,24,0,54,False
224,4,14,Nami,Side.red,6,0,0,0,5,5498,1.4,1,10,18,7080,9178,13,0,60,False
225,3,4,Jhin,Side.blue,9,1023,4252,1023,8,8154,1.5,3,13,17,65959,13184,104,0,13,True
226,4,11,Diana,Side.red,5,262,5942,262,1,7186,8.0,3,12,3,101017,12826,13,0,14,True
227,4,12,Sett,Side.blue,5,6060,9586,6060,0,8599,7.0,2,12,18,78323,9259,141,2,18,True
228,14,4,Alistar,Side.red,5,0,0,0,4,7632,2.0,3,12,39,25088,22032,35,0,58,False
229,4,11,Lillia,Side.blue,4,145,26334,145,1,7890,10.0,6,12,5,122219,19770,22,0,10,True
230,14,4,Teemo,Side.blue,2,2558,2558,2558,2,7111,3.0,4,12,20,60867,7578,121,1,15,True
231,14,12,Camille,Side.blue,3,5445,5445,5445,12,8462,0.4166666666666667,2,14,18,67334,31756,103,2,18,False
232,7,4,Tristana,Side.red,1,2732,5391,2732,6,6387,0.16666666666666666,0,10,2,66084,16969,148,0,11,False
233,12,4,Kled,Side.blue,4,6913,9378,6913,1,9822,12.0,8,14,4,66006,17086,117,4,14,True
234,14,4,Lux,Side.red,11,1913,2522,1913,2,11005,11.0,11,13,31,48756,7326,40,0,46,True
235,14,4,Karma,Side.red,24,1480,1480,1480,5,8623,5.6,4,12,17,26433,12204,8,0,39,True
236,4,12,Yasuo,Side.red,0,7233,11312,7233,9,10155,0.2222222222222222,2,14,4,144941,19275,154,2,5,True
237,11,4,JarvanIV,Side.blue,5,0,2491,0,4,7386,1.5,1,12,12,97744,15963,24,0,22,False
238,3,4,Twitch,Side.red,6,1558,3547,1558,10,10942,1.5,9,13,11,78090,19652,154,0,17,False
239,12,4,Ekko,Side.red,10,2977,8373,2977,1,9976,17.0,7,14,12,103613,17188,145,1,24,True
240,3,4,Lulu,Side.red,10,0,3937,0,3,5709,3.6666666666666665,1,10,14,9635,7470,6,0,37,True
241,6,4,Garen,Side.red,4,2854,2854,2854,5,8085,1.2,2,13,17,81831,16949,167,1,17,False
242,11,4,Elise,Side.blue,9,0,17579,0,5,10083,3.0,6,14,19,115086,21213,36,0,32,True
243,12,14,Katarina,Side.red,7,4953,13628,4953,7,14892,2.857142857142857,13,16,0,142633,24208,185,1,15,True
244,4,7,Sona,Side.blue,16,3067,9793,3067,3,7917,5.666666666666667,1,13,10,29852,13940,20,1,52,True
245,4,14,Teemo,Side.red,7,1267,13283,1267,5,9698,1.6,1,14,19,119630,15740,179,0,22,False
246,11,4,Graves,Side.red,13,5851,55915,5851,3,12904,6.666666666666667,7,15,23,195179,23071,28,3,27,True
247,3,4,Ezreal,Side.blue,3,2040,7694,2040,2,7224,5.0,7,10,2,47609,7798,102,1,12,True
248,11,6,Olaf,Side.red,3,117,6887,117,5,5982,0.8,1,10,7,80541,19827,14,0,14,False
249,14,4,Pantheon,Side.red,6,284,1023,284,1,4796,8.0,2,8,6,15310,4093,29,0,25,True
250,7,4,Jinx,Side.blue,10,4081,18313,4081,8,14464,2.25,8,15,12,201797,24882,208,1,23,False
251,14,4,Zilean,Side.blue,17,78,1694,78,5,9957,4.0,3,16,46,56858,17973,48,0,61,False
252,4,11,Viego,Side.blue,2,243,22538,243,8,10896,0.625,3,15,12,172737,42598,50,0,32,False
253,11,4,Evelynn,Side.red,8,0,5267,0,0,8351,14.0,6,12,5,104129,15527,11,0,22,True
254,4,11,MasterYi,Side.red,3,896,23691,896,6,13059,1.8333333333333333,8,16,1,199125,26770,65,3,39,False
255,4,11,Ivern,Side.red,3,0,1821,0,4,7020,1.25,2,11,22,285959,8155,10,0,25,False
256,14,4,TwistedFate,Side.blue,14,1358,2052,1358,8,13238,2.5,6,17,48,154670,24057,188,0,39,False
257,14,12,Akali,Side.red,9,3099,4128,3099,4,12323,5.0,11,15,2,117444,24169,168,1,8,True
258,4,14,Karma,Side.red,3,196,196,196,4,7293,1.0,1,12,24,45792,10743,56,0,50,False
259,14,4,Zoe,Side.blue,11,2919,9018,2919,9,11587,1.6666666666666667,4,16,36,127681,25718,190,1,29,True
260,4,12,Yone,Side.blue,4,2165,2165,2165,3,10812,3.6666666666666665,7,14,15,116847,15406,191,0,20,True
261,12,4,Pyke,Side.blue,1,1031,1031,1031,6,9757,1.6666666666666667,9,11,16,26434,16241,53,0,8,False
262,4,12,Azir,Side.red,2,2282,11642,2282,7,12390,1.4285714285714286,8,16,12,139029,20644,191,0,28,True
263,4,11,LeeSin,Side.red,13,2561,33647,2561,3,12201,7.333333333333333,9,15,16,170219,35351,22,1,30,True
264,4,12,Gnar,Side.blue,8,6036,8516,6036,6,12496,2.1666666666666665,5,15,35,151126,27471,188,3,26,False
265,4,12,Jayce,Side.blue,3,2683,7529,2683,5,7661,2.0,7,11,11,50800,9703,80,0,7,True
266,4,11,Taliyah,Side.blue,9,488,24790,488,4,10156,4.0,7,13,15,133067,15696,28,1,21,True
267,14,4,Taric,Side.red,32,1205,7055,1205,6,11678,6.0,4,16,35,44254,18760,58,0,62,True
268,12,4,Pyke,Side.red,7,0,0,0,10,12452,1.5,8,12,15,22814,23137,51,0,13,False
269,12,4,Kled,Side.red,5,0,0,0,5,9799,2.0,5,14,8,93856,29817,159,0,13,False
270,4,7,Nami,Side.red,16,614,648,614,7,9522,2.7142857142857144,3,13,27,15843,17248,12,1,58,False
271,4,11,Viego,Side.blue,4,633,14518,633,4,8567,2.0,4,11,11,102116,18422,8,0,11,False
272,4,12,Poppy,Side.blue,5,1101,3569,1101,5,9887,2.0,5,14,24,79135,22576,128,1,18,True
273,4,7,Soraka,Side.red,17,829,4369,829,2,7348,8.5,0,13,22,14317,9845,12,1,61,True
274,11,4,Viego,Side.blue,13,102,23347,102,6,18163,4.833333333333333,16,18,29,254594,62988,55,0,31,False
275,14,4,Gragas,Side.blue,13,1811,9166,1811,7,10835,2.4285714285714284,4,15,38,113545,21967,148,1,23,True
276,12,4,Fiora,Side.red,3,375,375,375,8,7503,0.625,2,13,6,73290,21445,150,0,27,False
277,4,11,Talon,Side.red,6,0,17336,0,0,7092,7.0,1,12,1,111312,12481,13,1,19,True
278,7,4,Caitlyn,Side.red,7,5873,9675,5873,3,15834,5.0,8,17,15,238748,20204,280,1,11,False
279,6,4,Garen,Side.red,3,2474,3155,2474,4,8895,1.25,2,13,16,100839,17752,159,1,12,False
280,12,4,TahmKench,Side.red,17,4581,10101,4581,4,12963,5.25,4,17,39,90064,44253,135,2,38,True
281,7,4,Ezreal,Side.red,7,65,345,65,10,9257,1.2,5,13,3,85075,18876,154,0,12,False
282,4,3,Aphelios,Side.blue,4,9677,9677,9677,7,10699,1.1428571428571428,4,11,11,110390,13235,166,3,12,False
283,3,4,Kaisa,Side.blue,9,6369,18264,6369,9,12898,1.5555555555555556,5,15,2,136640,17714,193,3,23,True
284,4,11,Graves,Side.blue,4,8027,33419,8027,0,11248,7.0,3,14,15,189692,12986,60,4,18,True
285,12,14,Camille,Side.blue,9,4692,10447,4692,4,11480,3.25,4,16,13,109016,19649,183,1,23,True
286,4,3,Braum,Side.blue,24,1008,1008,1008,4,9562,7.0,4,14,43,31690,22624,26,1,66,True
287,7,4,Lucian,Side.blue,9,7166,14134,7166,7,13622,2.142857142857143,6,15,2,162484,22494,201,4,37,True
288,12,14,Sejuani,Side.blue,6,2678,2678,2678,4,11002,2.5,4,15,22,128590,20484,199,2,21,False
289,12,4,Irelia,Side.red,7,1288,3174,1288,11,14193,1.0909090909090908,5,17,14,217125,40541,267,1,23,False
290,4,11,Lillia,Side.red,6,884,19612,884,7,19661,3.142857142857143,16,18,41,289855,39649,103,0,32,False
291,4,14,Lulu,Side.red,24,2623,3476,2623,5,8395,4.8,0,13,34,15342,11338,5,2,56,True
292,4,14,Syndra,Side.blue,1,0,1496,0,6,6014,0.3333333333333333,1,10,19,55102,11735,105,0,18,False
293,14,4,Singed,Side.red,12,1146,2408,1146,5,12844,3.2,4,17,49,161327,35044,212,0,29,True
294,4,12,Malphite,Side.red,3,1522,2843,1522,1,8676,3.0,0,14,18,120900,11119,203,0,19,True
295,11,6,Hecarim,Side.red,10,1740,23496,1740,4,10925,4.0,6,14,10,135506,27902,23,2,35,True
296,4,12,Ryze,Side.red,2,130,130,130,2,6737,3.0,4,11,16,67829,9230,132,0,8,True
297,4,7,Jhin,Side.red,13,4912,12938,4912,3,10179,5.666666666666667,4,13,12,110930,10472,153,1,21,True
298,4,12,DrMundo,Side.blue,5,2596,2596,2596,3,6952,2.0,1,12,9,78244,18509,137,0,11,False
299,4,3,Karthus,Side.red,8,863,5594,863,1,7408,11.0,3,11,17,56718,5053,107,1,14,True
300,1,4,Lucian,Side.red,4,5675,17792,5675,6,14446,2.6666666666666665,12,14,2,152570,20000,211,1,30,True
301,12,4,Fiora,Side.red,6,6791,8263,6791,11,10012,0.9090909090909091,4,14,10,107345,33662,152,1,9,False
302,7,4,Lulu,Side.red,16,541,613,541,6,7533,2.8333333333333335,1,12,44,14799,13153,16,0,49,False
303,3,4,MissFortune,Side.red,2,221,221,221,6,6780,0.5,1,11,8,102603,12249,151,0,22,False
304,4,14,Blitzcrank,Side.blue,14,829,2202,829,7,9066,2.4285714285714284,3,14,50,32352,22080,36,1,67,False
305,11,4,Lillia,Side.red,20,1695,23829,1695,9,13183,2.5555555555555554,3,17,19,225616,33711,97,0,28,False
306,4,3,Seraphine,Side.red,9,1150,1946,1150,10,7983,1.0,1,13,16,58304,19329,62,0,57,False
307,4,3,Karma,Side.red,12,2141,3665,2141,5,8030,2.8,2,11,27,44532,14870,54,1,48,True
308,4,14,Leona,Side.blue,19,1893,1893,1893,2,7119,9.5,0,11,20,29432,11029,34,1,46,True
309,4,11,Lillia,Side.blue,4,0,1770,0,4,10633,2.5,6,14,24,147330,29162,37,0,25,False
310,14,4,Zilean,Side.blue,9,2540,2540,2540,0,7769,12.0,3,13,18,28112,3308,31,2,39,True
311,3,14,Yuumi,Side.blue,21,649,649,649,2,7119,11.0,1,12,24,21681,4483,4,0,44,True
312,14,4,Zed,Side.red,7,1212,2576,1212,5,13733,2.2,4,18,4,211311,19190,237,0,23,True
313,6,4,Jhin,Side.blue,1,0,0,0,3,4983,0.6666666666666666,1,9,4,49714,10643,122,0,10,False
314,4,3,Zilean,Side.blue,0,0,0,0,3,3743,0.0,0,9,15,27933,6490,43,0,20,False
315,4,11,Evelynn,Side.blue,8,0,20284,0,2,13307,10.0,12,15,10,147543,25397,19,0,16,False
316,4,11,Evelynn,Side.red,9,1396,15995,1396,9,16544,2.888888888888889,17,18,17,204898,35310,43,1,17,True
317,12,4,Xerath,Side.red,17,2615,13306,2615,4,19331,7.75,14,18,17,263809,20095,246,1,36,True
318,4,11,Evelynn,Side.blue,12,953,34669,953,3,16479,8.0,12,18,14,218199,23731,37,2,34,True
319,4,6,Tryndamere,Side.blue,4,8621,8621,8621,4,15125,2.75,7,18,8,210568,35232,242,1,21,True
320,4,3,Caitlyn,Side.blue,5,2764,6708,2764,4,8666,2.0,3,13,11,99190,10213,167,1,7,True
321,11,4,Graves,Side.red,1,818,14600,818,5,9424,0.8,3,13,12,168062,18707,44,0,26,False
322,14,4,Yasuo,Side.red,9,8209,24152,8209,3,15878,4.666666666666667,5,18,22,292692,21713,274,5,53,True
323,4,1,Tristana,Side.red,7,11090,33256,11090,6,16900,2.8333333333333335,10,16,9,256995,18933,214,4,28,True
324,12,4,Lissandra,Side.blue,1,790,790,790,4,6065,0.25,0,11,15,61051,8568,134,0,6,False
325,4,7,Aphelios,Side.blue,8,17220,34721,17220,3,17798,8.0,16,15,14,203726,11534,213,8,36,True
326,4,7,Jhin,Side.red,0,958,958,958,2,6336,0.0,0,11,9,68665,8825,130,0,16,False
327,14,7,Yuumi,Side.red,5,68,482,68,6,4093,0.8333333333333334,0,7,11,7081,8913,2,0,16,False
328,4,14,Teemo,Side.red,1,1088,1959,1088,9,8054,0.3333333333333333,2,13,23,108483,17981,183,0,11,False
329,4,12,Jayce,Side.red,8,4460,9810,4460,6,11499,1.6666666666666667,2,15,6,142221,16394,181,0,28,True
330,4,11,Ekko,Side.red,9,1450,15823,1450,5,11674,2.6,4,16,17,209630,37280,71,1,29,True
331,4,12,Akshan,Side.red,1,1890,1890,1890,2,11552,2.0,3,15,0,166226,15595,241,1,17,False
332,4,12,Zoe,Side.blue,3,0,0,0,7,10253,1.2857142857142858,6,14,14,101882,15835,188,0,15,False
333,12,14,Camille,Side.red,7,3805,5741,3805,6,12533,3.0,11,15,20,108176,26686,172,1,29,False
334,3,4,Karthus,Side.red,3,0,0,0,7,3818,0.42857142857142855,0,8,9,17446,7632,17,0,5,False
335,12,4,Corki,Side.blue,12,5909,6976,5909,2,11290,9.5,7,14,2,134701,13508,191,1,24,True
336,12,4,Shen,Side.red,11,523,3094,523,2,7067,6.0,1,13,13,40737,14719,111,0,17,True
337,3,4,Maokai,Side.red,16,363,2875,363,3,10518,6.0,2,14,65,46957,21212,48,0,95,True
338,14,4,Leona,Side.blue,13,457,7397,457,4,5586,3.25,0,10,16,20425,8865,24,1,34,True
339,4,12,Fiora,Side.red,5,5744,11318,5744,9,12734,1.4444444444444444,8,15,13,149260,37140,174,2,22,False
340,4,14,Rell,Side.red,18,790,1038,790,3,9415,8.333333333333334,7,13,30,23875,11291,34,2,49,True
341,11,4,XinZhao,Side.blue,9,1625,20979,1625,8,12418,1.875,6,15,17,135547,42986,30,1,49,False
342,4,14,Vex,Side.blue,7,4690,5431,4690,7,15012,2.857142857142857,13,16,43,161473,18230,152,4,24,False
343,11,4,Vi,Side.blue,11,1199,20059,1199,6,11374,2.8333333333333335,6,14,34,168637,34825,58,1,32,False
344,14,4,Thresh,Side.blue,12,320,958,320,6,7452,2.3333333333333335,2,12,29,20932,13601,38,0,74,True
345,4,3,Aphelios,Side.blue,10,10389,10389,10389,2,9258,6.5,3,11,16,90022,10012,173,2,12,True
346,4,11,Ekko,Side.blue,5,325,30392,325,6,10291,1.3333333333333333,3,14,23,189146,32037,25,1,26,False
347,12,4,Gangplank,Side.red,8,5111,14322,5111,3,11624,4.666666666666667,6,15,6,122210,16897,152,2,26,True
348,6,11,Hecarim,Side.red,9,0,8246,0,3,11289,4.666666666666667,5,15,28,156879,35035,13,0,18,True
349,4,11,Nidalee,Side.red,4,141,14812,141,5,9030,2.2,7,12,2,109319,17909,18,0,33,False
350,4,7,Seraphine,Side.blue,16,4395,7078,4395,6,13085,4.166666666666667,9,15,28,136206,17606,152,2,48,True
351,4,12,Camille,Side.red,1,6460,6460,6460,4,9058,1.25,4,13,17,81846,19322,160,2,23,False
352,3,4,Nami,Side.blue,17,1119,3010,1119,4,7736,4.25,0,14,25,14950,9805,12,0,100,True
353,11,4,LeeSin,Side.blue,3,0,18100,0,4,8203,1.75,4,12,16,135788,17533,13,0,14,False
354,14,4,Leona,Side.blue,12,552,552,552,9,7249,1.5555555555555556,2,11,41,22950,25502,40,0,30,False
355,4,12,Yone,Side.blue,10,8757,22209,8757,3,16976,6.333333333333333,9,17,26,212204,18671,240,4,45,True
356,14,4,AurelionSol,Side.blue,4,926,3494,926,3,11266,3.6666666666666665,7,15,8,119814,17229,175,0,21,True
357,4,12,Urgot,Side.red,1,5856,8252,5856,5,9104,0.2,0,13,13,133941,19915,163,3,17,False
358,4,7,Jhin,Side.red,12,553,1657,553,8,9567,1.875,3,15,14,110530,18773,166,0,20,False
359,4,11,Ekko,Side.blue,6,0,6562,0,6,9523,1.8333333333333333,5,13,18,134980,26867,22,0,28,False
360,4,7,Lucian,Side.red,8,9940,52399,9940,4,20845,3.75,7,18,1,408630,29920,369,5,65,True
361,12,6,Gwen,Side.red,11,2324,5731,2324,11,13318,1.1818181818181819,2,18,9,208573,42947,243,1,24,False
362,4,7,Ezreal,Side.red,2,1169,7014,1169,2,10406,3.5,5,12,2,122060,12320,205,0,28,False
363,4,6,Darius,Side.blue,0,0,0,0,4,6077,0.25,1,11,11,64478,12775,137,0,15,False
364,4,7,Jhin,Side.red,6,2616,7053,2616,2,11166,4.5,3,15,15,134728,11255,217,1,18,True
365,12,4,Yone,Side.red,1,555,555,555,5,7022,0.4,1,12,9,78671,13473,160,0,7,False
366,11,4,Viego,Side.red,13,297,45406,297,11,21382,2.5454545454545454,15,18,21,299125,49330,92,0,71,True
367,4,7,Lulu,Side.red,20,2732,2732,2732,5,8504,4.2,1,15,39,18772,17830,16,0,55,True
368,4,14,Qiyana,Side.red,8,808,13959,808,4,11242,3.0,4,16,14,147868,20143,211,0,32,False
369,4,14,Lulu,Side.blue,18,1382,4243,1382,5,9000,3.8,1,14,38,19896,14671,22,0,72,True
370,14,4,Thresh,Side.blue,14,1063,5484,1063,1,6607,16.0,2,10,21,21111,6107,25,0,34,True
371,11,4,Viego,Side.red,7,4600,48612,4600,7,13016,1.8571428571428572,6,16,14,214760,40370,46,2,38,False
372,4,7,Senna,Side.red,16,4141,7654,4141,3,10299,6.0,2,12,19,38673,13788,26,2,68,True
373,11,4,Lillia,Side.blue,8,2459,23849,2459,2,14544,8.5,9,16,27,192610,25009,61,1,39,True
374,4,3,Jhin,Side.red,5,1220,4981,1220,2,9046,4.5,4,12,15,100884,10124,173,0,8,True
375,4,11,Nidalee,Side.red,8,2343,24173,2343,4,14977,6.0,16,16,6,189993,28063,24,1,28,True
376,4,12,Lucian,Side.red,2,750,1474,750,6,6141,0.5,1,10,0,70152,11998,129,0,13,False
377,14,4,Qiyana,Side.red,1,0,475,0,4,5059,1.0,3,10,7,49755,10042,89,0,7,False
378,7,4,Xayah,Side.red,9,8595,19811,8595,1,12492,18.0,9,14,25,161050,11404,192,2,14,True
379,4,7,Sona,Side.red,23,1099,3420,1099,4,8312,6.5,3,13,11,15872,12307,12,2,44,True
380,4,12,Jayce,Side.red,5,107,2823,107,2,7324,4.5,4,11,5,66544,8209,130,0,12,False
381,3,4,Swain,Side.blue,4,3337,11874,3337,1,9663,8.0,4,12,22,110897,8175,172,2,19,True
382,4,12,Shen,Side.red,11,0,419,0,2,8985,8.0,5,15,31,88679,15100,134,0,20,True
383,4,11,Fiddlesticks,Side.blue,9,0,5141,0,2,6498,6.5,4,10,20,75056,12727,16,0,40,True
384,4,14,Thresh,Side.blue,21,1623,2074,1623,6,7729,3.6666666666666665,1,12,23,17151,12785,33,0,74,True
385,11,4,Kindred,Side.red,8,0,19144,0,8,11130,1.375,3,14,5,177913,28193,60,0,24,False
386,4,11,Kindred,Side.blue,1,1974,6375,1974,5,12094,1.6,7,14,7,184716,26431,72,1,17,False
387,12,4,Leblanc,Side.red,9,3470,3470,3470,6,9558,2.6666666666666665,7,13,12,70930,16647,114,1,12,True
388,4,12,Viktor,Side.blue,4,3169,3370,3169,4,8715,2.0,4,13,13,87198,11360,166,1,19,True
389,14,4,Rumble,Side.red,1,0,225,0,5,7420,0.4,1,12,7,82472,12421,166,0,18,False
390,4,14,Qiyana,Side.blue,8,7667,9839,7667,4,14104,5.25,13,15,10,115288,16531,168,2,15,True
391,3,4,Pyke,Side.blue,7,0,459,0,8,16091,2.625,14,14,27,37041,21298,70,0,15,True
392,11,4,Zac,Side.blue,25,366,19802,366,6,10534,4.666666666666667,3,14,44,126592,34388,12,0,23,True
393,12,4,Fiora,Side.red,1,3393,3778,3393,11,8214,0.2727272727272727,2,12,6,73940,30866,152,1,7,False
394,4,12,Urgot,Side.blue,11,2558,2558,2558,7,13929,3.142857142857143,11,16,31,135271,24815,174,3,31,True
395,14,12,Akali,Side.blue,13,1403,5960,1403,9,13318,2.3333333333333335,8,16,2,140202,32625,165,0,40,True
396,11,4,Poppy,Side.blue,10,1133,21600,1133,8,11718,2.25,8,15,30,151138,34471,32,1,31,True
397,14,4,Alistar,Side.blue,9,0,0,0,5,4369,2.2,2,8,19,9328,9946,18,0,9,True
398,4,12,Yone,Side.red,6,3417,16114,3417,5,13659,2.8,8,15,18,173089,26566,208,2,15,False
399,4,12,Gangplank,Side.red,9,5221,13203,5221,7,15351,1.8571428571428572,4,18,17,250733,31633,264,3,36,False
400,7,4,Aphelios,Side.red,5,873,873,873,7,7533,1.2857142857142858,4,11,15,46235,12887,108,1,10,False
401,12,4,Sett,Side.red,3,6511,6511,6511,0,7175,3.0,0,11,11,65121,12214,125,4,10,True
402,4,14,Rakan,Side.blue,11,564,1651,564,7,6661,1.8571428571428572,2,10,20,12496,17097,11,0,65,False
403,4,12,Akshan,Side.blue,10,4273,13254,4273,9,12713,1.5555555555555556,4,17,3,163687,23236,195,1,19,True
404,4,12,Leblanc,Side.red,7,749,6163,749,7,15131,1.8571428571428572,6,18,10,177296,33390,241,1,48,True
405,3,4,Corki,Side.blue,2,0,735,0,4,5739,1.5,4,10,3,46608,8864,90,0,5,False
406,4,3,Vayne,Side.blue,15,9571,27670,9571,8,19039,3.25,11,18,22,250344,30730,270,2,31,True
407,11,4,LeeSin,Side.blue,3,0,3162,0,5,6135,1.4,4,9,7,54947,11502,18,0,15,False
408,4,12,Kennen,Side.blue,7,7029,21730,7029,3,16716,5.333333333333333,9,18,17,214028,21567,275,2,49,True
409,14,4,Leona,Side.blue,9,189,501,189,9,8527,1.2222222222222223,2,13,42,26045,31719,36,0,83,False
410,7,4,Senna,Side.red,5,0,1517,0,4,6972,1.25,0,12,19,65487,16898,129,0,7,False
411,14,4,Rumble,Side.red,24,3664,28700,3664,10,17609,3.5,11,18,20,211345,27344,194,2,22,True
412,12,4,Jayce,Side.red,1,8366,13338,8366,3,9847,0.3333333333333333,0,14,3,150550,12448,192,3,26,False
413,4,12,Sylas,Side.red,11,4105,4105,4105,11,12707,1.7272727272727273,8,14,45,122411,37193,154,1,36,False
414,11,4,LeeSin,Side.blue,7,34,22262,34,1,6140,8.0,1,10,6,87483,12359,2,0,8,True
415,4,12,Renekton,Side.red,11,6079,10546,6079,2,11878,8.0,5,15,23,146617,33904,207,2,30,True
416,12,4,Syndra,Side.blue,1,1247,1247,1247,4,9996,1.25,4,14,32,143967,13245,224,0,14,False
417,4,14,Karma,Side.red,12,879,4604,879,12,7501,1.1666666666666667,2,11,18,26872,23280,19,0,69,False
418,12,4,Sion,Side.red,8,5867,10478,5867,13,12733,0.9230769230769231,4,17,37,154957,41734,177,4,32,False
419,14,4,Zed,Side.blue,5,575,3429,575,6,10592,2.0,7,14,4,93971,17495,160,0,18,False
420,4,11,Olaf,Side.blue,18,3757,23409,3757,4,12849,6.75,9,15,18,170605,29976,42,1,23,True
421,4,12,TwistedFate,Side.blue,2,0,0,0,1,5402,3.0,1,10,14,55383,6119,107,0,8,False
422,11,4,XinZhao,Side.blue,11,877,32981,877,4,12973,6.0,13,14,20,166920,40003,28,0,22,True
423,4,7,Lucian,Side.red,7,2004,20262,2004,5,16967,3.2,9,17,3,205515,27573,258,2,47,False
424,4,7,Sona,Side.red,12,0,649,0,9,5968,1.3333333333333333,0,11,12,14403,16738,12,0,36,False
425,11,4,Graves,Side.blue,11,11692,47317,11692,3,17069,6.0,7,17,25,293703,26589,77,4,39,True
426,14,4,Alistar,Side.red,13,0,264,0,4,7050,4.0,3,12,44,14658,16840,18,0,60,True
427,4,7,Senna,Side.red,3,225,225,225,5,5363,0.6,0,10,13,25941,11792,26,0,35,False
428,7,4,Jinx,Side.blue,12,5772,16400,5772,7,13668,2.4285714285714284,5,14,19,149055,18714,181,3,22,True
429,4,14,Pyke,Side.blue,9,0,0,0,15,10714,1.0,6,12,26,19349,27292,25,0,85,False
430,4,11,Viego,Side.blue,6,2396,25956,2396,2,13896,9.0,12,15,21,170092,29618,37,2,21,True
431,4,3,Xayah,Side.red,18,1838,17958,1838,5,13978,5.8,11,15,19,155949,20292,164,1,29,True
432,7,4,Tristana,Side.red,5,4004,15422,4004,6,11471,1.5,4,13,4,128445,14513,180,1,21,False
433,4,12,Ekko,Side.red,3,0,0,0,6,10597,2.5,12,13,20,90644,21190,114,0,12,False
434,12,6,Singed,Side.blue,0,1189,1189,1189,6,4954,0.16666666666666666,1,9,8,41531,11836,90,0,10,False
435,14,4,Gragas,Side.red,14,0,2002,0,8,8688,2.25,4,14,33,63031,22469,81,0,52,True
436,12,6,Singed,Side.blue,20,3297,6851,3297,4,12979,6.5,6,16,31,130708,27886,165,3,30,True
437,14,4,Talon,Side.red,8,238,7075,238,10,11375,1.5,7,15,3,147414,25009,171,0,31,False
438,12,4,Azir,Side.blue,5,1786,2803,1786,7,7632,0.8571428571428571,1,12,8,86907,14143,159,0,21,False
439,14,4,Warwick,Side.blue,4,2994,5678,2994,7,9124,0.5714285714285714,0,14,17,96473,32051,157,1,32,False
440,4,3,Soraka,Side.red,12,1010,1170,1010,7,8860,2.2857142857142856,4,12,50,42672,19820,57,0,63,False
441,4,3,Yasuo,Side.red,1,580,580,580,4,8087,1.0,3,11,13,90531,10679,170,0,13,False
442,7,3,Yuumi,Side.red,2,0,0,0,3,5448,1.6666666666666667,3,9,6,10034,4719,5,0,16,False
443,4,11,Talon,Side.red,1,0,13515,0,8,10483,0.5,3,15,2,191171,26279,43,0,10,False
444,14,12,Katarina,Side.red,16,3133,13243,3133,6,16366,3.5,5,18,1,192819,37052,242,1,31,True
445,11,6,Hecarim,Side.blue,2,0,17962,0,0,10075,13.0,11,12,13,118729,17228,35,1,26,True
446,4,12,Corki,Side.blue,7,3759,14362,3759,5,19183,4.0,13,18,1,244269,22374,266,1,24,True
447,4,3,Caitlyn,Side.blue,8,8614,17914,8614,10,12201,1.3,5,15,10,173249,17865,171,2,31,True
448,11,4,XinZhao,Side.blue,1,1232,30552,1232,1,7872,6.0,5,12,10,102356,15695,26,1,8,True
449,12,4,Veigar,Side.red,4,2025,6432,2025,1,9093,6.0,2,13,5,103749,7899,169,1,20,True
450,11,4,XinZhao,Side.blue,2,111,9103,111,7,9276,0.7142857142857143,3,13,18,122155,36119,22,0,36,False
451,7,4,Caitlyn,Side.red,2,10879,21256,10879,4,15535,2.75,9,15,18,191805,17393,237,4,28,False
452,11,6,Hecarim,Side.blue,16,5255,16337,5255,6,13545,4.666666666666667,12,14,29,159874,38790,60,1,17,True
453,4,12,Yone,Side.blue,7,3646,8226,3646,6,12078,2.6666666666666665,9,15,17,134777,18087,183,2,16,True
454,14,4,Thresh,Side.blue,4,0,0,0,4,5338,1.0,0,9,15,12726,8067,32,0,42,False
455,4,12,Viktor,Side.red,12,7884,11047,7884,8,16501,3.25,14,16,27,192765,18804,231,4,7,True
456,14,4,Blitzcrank,Side.blue,9,0,348,0,4,6105,3.0,3,11,23,12992,11933,16,0,34,True
457,4,14,Rakan,Side.red,10,500,692,500,4,4868,2.5,0,10,25,16310,12683,28,0,43,False
458,11,4,Rengar,Side.blue,7,3701,32327,3701,1,11930,16.0,9,14,8,181790,17625,21,3,20,True
459,4,7,Kaisa,Side.red,7,6051,13077,6051,6,13188,2.0,5,15,3,163431,19825,234,4,33,True
460,14,4,Thresh,Side.blue,7,50,50,50,5,7011,1.6,1,12,11,17192,11902,40,0,67,False
461,4,14,Leona,Side.blue,6,0,2427,0,5,4746,1.2,0,8,25,14573,9513,24,0,44,False
462,4,12,Jayce,Side.red,5,4077,15670,4077,5,13438,3.6,13,14,7,117080,15085,147,2,26,True
463,7,4,Jinx,Side.blue,4,3300,10628,3300,9,14128,1.4444444444444444,9,14,13,174650,23784,181,0,22,False
464,11,4,Talon,Side.red,1,0,1800,0,2,5271,1.5,2,9,0,74607,10367,12,0,8,False
465,4,12,Jayce,Side.blue,7,4633,10072,4633,6,9537,2.1666666666666665,6,14,6,99769,14473,129,1,28,True
466,4,12,Jax,Side.blue,6,7819,13202,7819,9,13739,1.6666666666666667,9,16,24,162834,33521,185,2,20,False
467,4,14,Thresh,Side.blue,6,151,151,151,8,5304,0.75,0,11,27,14250,15316,25,0,22,False
468,4,12,Syndra,Side.red,6,5058,9611,5058,4,15690,4.0,10,17,34,199105,16916,217,3,24,True
469,12,4,Ryze,Side.blue,7,3054,10542,3054,4,11402,3.25,6,15,40,156298,20569,184,1,27,True
470,4,3,Yasuo,Side.red,11,7305,15195,7305,5,17072,3.4,6,17,24,271672,29329,322,3,31,True
471,11,6,Hecarim,Side.blue,8,0,15451,0,8,10284,1.875,7,14,19,140708,38706,19,0,27,False
472,4,14,Pyke,Side.blue,11,413,413,413,17,7762,0.8235294117647058,3,12,21,20421,25693,29,0,16,False
473,14,4,Leona,Side.blue,20,955,2467,955,7,9327,3.0,1,13,46,29165,19709,36,0,81,True
474,4,14,Teemo,Side.red,4,2182,5568,2182,11,9124,0.7272727272727273,4,13,27,92856,21784,153,0,19,False
475,3,4,Kaisa,Side.red,5,2501,5180,2501,9,7435,0.7777777777777778,2,11,1,73447,18296,137,1,16,False
476,4,12,Yone,Side.blue,8,547,3313,547,12,9122,0.9166666666666666,3,14,17,102443,23646,138,0,22,False
477,14,4,Zilean,Side.red,16,1457,1457,1457,2,6382,8.0,0,11,29,24598,6243,18,0,41,True
478,3,4,Senna,Side.red,7,301,301,301,7,8166,1.2857142857142858,2,13,58,42322,15603,31,0,55,False
479,12,4,Sett,Side.blue,10,2323,5058,2323,2,11380,6.5,3,17,22,130652,37032,183,0,17,True
480,14,4,Zilean,Side.blue,19,2117,4664,2117,3,12405,8.0,5,17,31,72006,13485,59,0,63,True
481,4,12,Irelia,Side.red,0,5012,5012,5012,6,8955,0.3333333333333333,2,13,6,126566,15230,202,1,13,True
482,3,4,Xayah,Side.red,16,6195,12085,6195,8,9314,2.25,2,13,12,86598,14973,122,4,16,True
483,4,12,Irelia,Side.blue,1,0,183,0,7,5857,0.42857142857142855,2,10,8,60048,15543,113,0,10,False
484,6,12,Singed,Side.blue,6,2128,3585,2128,6,13877,1.6666666666666667,4,18,44,205157,37068,256,1,20,False
485,12,4,Fiora,Side.blue,3,1091,2599,1091,4,7120,1.0,1,11,6,73000,18134,152,0,8,False
486,4,12,Camille,Side.red,5,1482,4977,1482,6,9546,1.1666666666666667,2,14,12,112763,22370,202,0,11,False
487,11,4,Ivern,Side.red,12,0,1704,0,6,7371,2.3333333333333335,2,12,49,232264,16608,32,0,19,False
488,4,14,Rakan,Side.red,11,325,2312,325,5,7699,2.4,1,13,14,20843,13406,35,0,90,False
489,14,4,Urgot,Side.red,2,3904,12172,3904,0,10322,6.0,4,14,12,124496,8768,175,3,25,True
490,4,3,Jhin,Side.red,8,3625,7254,3625,7,13920,2.0,6,15,24,208733,19849,231,1,17,False
491,7,4,Caitlyn,Side.red,0,3286,5845,3286,3,7289,1.0,3,10,9,73841,8249,154,1,7,False
492,14,4,Lulu,Side.red,15,811,2630,811,6,7683,2.8333333333333335,2,13,39,18079,10825,10,0,60,False
493,4,14,Akali,Side.red,2,0,0,0,6,6670,0.8333333333333334,3,10,1,58073,16493,102,0,16,False
494,11,4,Nocturne,Side.blue,9,3182,36974,3182,1,11896,17.0,8,14,145,171556,24867,43,2,27,True
495,4,7,Xayah,Side.red,10,1242,3237,1242,8,11096,2.0,6,15,12,107359,20051,159,0,23,False
496,14,4,Lulu,Side.blue,10,258,933,258,5,7381,2.2,1,12,27,13921,11169,22,0,90,False
497,4,3,Ezreal,Side.red,10,7862,19087,7862,6,16511,3.6666666666666665,12,16,13,239878,28939,248,3,29,True
498,14,4,Lulu,Side.blue,6,1251,1916,1251,0,5249,6.0,0,9,10,9524,3004,4,0,26,True
499,14,4,Lulu,Side.red,31,1267,1639,1267,4,10522,8.25,2,15,53,22348,13853,33,0,100,True
500,12,4,Urgot,Side.blue,2,836,836,836,3,7672,1.6666666666666667,3,12,16,78831,7951,150,0,15,False
501,4,12,Irelia,Side.red,3,9228,15307,9228,5,16102,3.8,16,16,13,168885,29644,222,3,12,True
502,12,4,Syndra,Side.blue,11,5360,7777,5360,5,14577,3.6,7,16,40,144812,17191,207,2,30,False
503,4,14,Nautilus,Side.blue,0,0,0,0,6,2726,0.0,0,6,16,6605,8979,11,0,11,False
504,4,12,Akshan,Side.red,3,2926,4841,2926,10,7759,0.5,2,12,0,73453,19927,121,1,25,False
505,4,14,Leblanc,Side.red,7,1534,2394,1534,2,7109,5.5,4,12,6,43277,8705,103,0,18,True
506,4,6,Tryndamere,Side.blue,4,10370,13081,10370,4,15763,4.5,14,17,15,196105,29887,236,3,21,True
507,4,7,Ashe,Side.blue,3,879,879,879,4,5412,1.25,2,9,15,37094,6363,96,0,11,False
508,14,6,Singed,Side.red,2,0,677,0,10,7470,0.7,5,11,20,63859,19649,110,0,11,False
509,4,7,Soraka,Side.red,16,2106,2734,2106,1,8433,20.0,4,13,31,50456,10747,89,1,17,True
510,4,3,Karthus,Side.blue,3,0,6501,0,4,13356,3.25,10,15,16,162009,11088,232,0,26,False
511,11,4,Qiyana,Side.blue,14,2372,45268,2372,6,19273,3.8333333333333335,9,18,31,325355,38447,56,3,47,False
512,4,7,Xayah,Side.red,5,3257,4735,3257,7,11537,2.2857142857142856,11,13,15,107026,14771,151,1,14,True
513,4,12,Gangplank,Side.blue,3,0,3313,0,9,10588,0.7777777777777778,4,15,9,130682,28262,177,0,18,False
514,14,4,Garen,Side.red,6,1661,13971,1661,2,11973,6.0,6,15,25,139989,26141,194,1,20,False
515,4,3,Jhin,Side.blue,9,6413,15489,6413,4,15504,4.5,9,16,26,211320,12206,246,2,22,True
516,4,7,Sona,Side.red,24,3584,8423,3584,6,9936,4.666666666666667,4,14,17,35250,16213,20,0,41,True
517,4,14,Rakan,Side.red,26,0,1835,0,9,11290,3.111111111111111,2,17,49,27918,36004,46,0,147,True
518,4,12,Yone,Side.red,6,180,5927,180,8,13560,1.125,3,17,15,227154,24708,256,0,26,False
519,4,12,Shen,Side.red,6,579,579,579,4,8934,2.25,3,13,28,76882,19700,154,0,17,False
520,7,4,Sona,Side.red,8,923,923,923,7,6701,1.2857142857142858,1,11,11,19837,13658,34,0,45,False
521,7,4,Senna,Side.red,17,10402,18815,10402,2,15605,14.0,11,15,36,154099,18729,116,3,73,True
522,4,12,Poppy,Side.blue,4,927,2112,927,7,9214,1.0,3,14,26,84773,25309,128,0,17,False
523,4,12,Poppy,Side.red,4,2382,5653,2382,3,8414,2.3333333333333335,3,13,26,87427,15953,140,1,18,True
524,11,4,JarvanIV,Side.blue,13,141,1839,141,9,9465,1.7777777777777777,3,14,15,100801,26880,40,0,15,False
525,14,4,Lux,Side.red,22,2230,4528,2230,6,9511,4.5,5,13,29,51892,13486,32,0,48,True
526,4,14,Pyke,Side.blue,9,0,0,0,15,10714,1.0,6,12,26,19349,27292,25,0,85,False
527,4,1,Draven,Side.red,2,1059,3911,1059,9,10440,1.3333333333333333,10,11,8,74352,17499,114,0,20,False
528,4,12,MonkeyKing,Side.blue,6,3993,3993,3993,0,9786,9.0,3,14,7,89147,15468,178,4,17,True
529,3,4,Lux,Side.red,11,2547,6548,2547,5,15400,5.8,18,16,48,156938,16791,199,0,19,True
530,11,4,RekSai,Side.blue,3,0,8978,0,7,9498,1.1428571428571428,5,13,15,128617,23511,11,0,12,False
531,4,12,Kennen,Side.blue,5,56,1997,56,7,10055,1.5714285714285714,6,14,27,91961,20018,164,0,28,False
532,14,4,Lulu,Side.blue,15,1068,1507,1068,8,9060,2.125,2,13,29,11056,18618,28,0,94,False
533,7,4,Lux,Side.blue,6,155,719,155,3,5260,2.0,0,9,19,23816,5871,24,0,34,False
534,4,14,Lux,Side.blue,11,713,2660,713,8,9443,2.0,5,13,30,67402,13755,55,0,58,False
535,3,7,Yuumi,Side.red,10,183,183,183,6,6002,2.0,2,9,10,9685,9877,5,0,39,False
536,3,4,Sona,Side.blue,6,0,358,0,7,5945,0.8571428571428571,0,11,20,10661,11895,15,0,36,False
537,1,6,Jinx,Side.blue,1,1492,2680,1492,6,6482,0.16666666666666666,0,10,2,81234,8565,153,1,8,False
538,11,4,Ekko,Side.red,8,221,30288,221,3,10989,5.333333333333333,8,15,8,182655,30042,30,0,26,True
539,4,12,TahmKench,Side.blue,1,1706,1706,1706,2,8166,1.5,2,12,29,67519,13643,150,1,10,False
540,7,4,Lux,Side.blue,25,252,3669,252,3,13742,11.333333333333334,9,16,56,119961,11238,177,0,22,True
541,4,14,Lux,Side.red,9,802,2952,802,6,10996,2.5,6,14,40,66706,15869,45,1,81,False
542,3,4,Jhin,Side.blue,7,2103,9416,2103,5,13211,2.2,4,16,27,168800,18763,217,1,33,False
543,4,11,Viego,Side.blue,12,4049,42327,4049,4,19806,5.75,11,18,16,288117,55867,65,2,54,True
544,4,12,Lux,Side.red,7,2368,4388,2368,1,10568,14.0,7,13,28,95410,6019,156,1,18,True
545,4,14,Bard,Side.red,17,465,586,465,9,9178,2.0,1,14,36,17879,27560,17,0,98,True
546,14,4,Leona,Side.red,12,0,0,0,9,5090,1.3333333333333333,0,9,30,15163,15929,27,0,39,False
547,4,11,Shyvana,Side.red,2,0,19016,0,4,8040,1.25,3,12,0,126769,18433,26,0,17,False
548,14,4,Ahri,Side.blue,7,2938,3453,2938,4,14330,5.0,13,15,45,155558,25661,194,1,12,False
549,12,14,Camille,Side.blue,4,940,940,940,5,7890,1.4,3,13,13,70086,17883,147,0,12,False
550,4,3,Xayah,Side.red,8,7649,25735,7649,3,13295,4.666666666666667,6,15,5,175505,17296,220,4,21,True
551,14,4,Rakan,Side.red,4,0,187,0,5,4103,1.0,1,7,13,10715,9037,21,0,11,False
552,11,4,Viego,Side.red,1,436,15454,436,6,7281,0.5,2,11,10,112826,18036,8,0,27,False
553,11,4,Karthus,Side.blue,9,0,13361,0,5,10795,4.2,12,13,15,109632,15763,22,0,21,True
554,4,3,Aphelios,Side.blue,5,11936,28041,11936,4,14082,3.5,9,14,14,170280,17730,202,4,9,True
555,4,7,Xayah,Side.blue,7,137,1696,137,1,9419,10.0,3,13,5,103574,10646,148,0,16,False
556,4,14,Qiyana,Side.red,10,840,4648,840,8,11311,1.875,5,15,28,124977,18374,170,0,15,True
557,4,14,Akshan,Side.blue,3,497,8941,497,3,13356,3.3333333333333335,7,15,0,131964,15522,195,0,18,False
558,4,12,Irelia,Side.red,8,8085,14230,8085,5,13144,2.4,4,15,6,171315,23389,212,3,24,True
559,12,4,Gwen,Side.blue,8,1611,1950,1611,8,8611,1.125,1,13,5,84893,22278,151,0,20,False
560,14,12,Gwen,Side.blue,2,4817,6946,4817,1,8935,5.0,3,13,1,86044,11645,158,2,8,True
561,4,14,Teemo,Side.red,2,1324,3432,1324,7,10300,0.8571428571428571,4,14,45,122986,17406,199,1,18,False
562,4,3,Twitch,Side.blue,1,655,2727,655,5,7231,0.4,1,11,11,85920,14787,153,0,11,False
563,4,12,Leblanc,Side.red,2,8576,10819,8576,1,8968,7.0,5,14,6,87593,11899,139,2,17,True
564,11,4,Graves,Side.blue,3,2942,37634,2942,3,9399,2.0,3,14,10,153322,16188,48,3,24,True
565,6,4,Tryndamere,Side.blue,6,3408,30685,3408,3,18412,3.3333333333333335,4,18,8,406005,41788,336,2,36,False
566,11,3,Karthus,Side.blue,2,0,12654,0,6,8243,1.1666666666666667,5,11,9,113369,18360,26,0,17,False
567,4,14,Thresh,Side.blue,17,1860,3940,1860,2,7946,9.5,2,13,24,24087,9714,30,1,40,True
568,11,4,Kindred,Side.blue,11,1683,29554,1683,3,9619,5.333333333333333,5,13,8,127957,18671,18,3,26,True
569,4,14,Thresh,Side.blue,9,48,195,48,5,5552,2.2,2,9,21,13175,11353,29,0,16,False
570,4,14,Thresh,Side.blue,2,205,291,205,6,3931,0.3333333333333333,0,8,16,11564,9815,25,0,27,False
571,11,4,Rengar,Side.blue,5,0,8086,0,4,11290,3.25,8,14,8,166264,19743,21,0,25,False
572,4,14,Rakan,Side.blue,10,0,0,0,11,7634,1.1818181818181819,3,11,26,17070,24070,38,0,86,False
573,14,4,Zoe,Side.red,9,159,3254,159,9,10143,1.7777777777777777,7,14,27,84135,21965,128,0,25,False
574,11,4,Kayn,Side.blue,9,3313,22129,3313,7,14438,3.142857142857143,13,16,8,206363,34794,45,3,28,True
575,14,4,Zilean,Side.blue,23,1820,3148,1820,5,11916,5.8,6,16,36,44129,13566,33,1,57,True
576,7,4,Vayne,Side.blue,1,0,3555,0,5,5029,0.4,1,8,0,39043,7414,107,0,7,False
577,14,4,Twitch,Side.red,11,2676,2676,2676,0,8923,19.0,8,11,11,38347,5879,34,0,57,True
578,11,4,Rengar,Side.blue,7,1994,41993,1994,6,13755,2.5,8,16,9,238449,30841,42,0,39,True
579,11,4,Ekko,Side.red,11,7579,36241,7579,7,19459,4.142857142857143,18,18,17,282496,42750,97,3,24,True
580,4,14,Draven,Side.red,4,7212,19329,7212,12,17497,1.25,11,16,10,249730,34063,204,5,15,False
581,11,6,Garen,Side.blue,16,0,1916,0,10,11344,1.8,2,16,27,164432,32130,51,0,37,False
582,4,11,Kayn,Side.blue,7,0,16988,0,5,10901,2.2,4,14,10,202732,33399,34,0,16,False
583,4,11,Graves,Side.blue,13,3905,23904,3905,6,13977,2.8333333333333335,4,17,20,243197,26894,54,2,33,True
584,11,4,Elise,Side.blue,13,7342,19324,7342,10,15388,2.8,15,17,28,166821,30704,22,3,39,True
585,3,4,Soraka,Side.blue,18,552,1222,552,4,8698,4.75,1,14,32,19610,13784,15,0,51,True
586,4,11,Graves,Side.red,5,73,13928,73,11,9608,0.5454545454545454,1,14,8,159487,25800,37,0,19,False
587,14,4,Teemo,Side.red,2,2590,12133,2590,13,8321,0.38461538461538464,3,12,16,89999,22241,126,0,21,False
588,6,4,Darius,Side.blue,11,0,19027,0,6,13004,3.1666666666666665,8,17,32,167194,32758,192,0,18,True
589,14,4,Zilean,Side.blue,32,2862,7244,2862,5,12136,7.0,3,16,30,47205,22127,39,1,98,True
590,12,4,Galio,Side.red,12,1302,2829,1302,6,12096,2.5,3,17,48,177469,24204,216,0,19,False
591,4,11,XinZhao,Side.red,3,281,8085,281,2,8253,3.5,4,12,9,114642,23477,30,1,12,False
592,4,12,Kennen,Side.red,1,106,1391,106,5,6284,0.2,0,12,15,76451,11756,165,0,8,False
593,11,4,Rengar,Side.blue,3,3184,21971,3184,6,10451,2.0,9,12,6,124499,21281,20,0,11,False
594,3,4,Senna,Side.red,6,4958,11921,4958,6,9883,2.0,6,12,23,63918,13850,33,2,61,True
595,7,4,Vayne,Side.red,8,6886,17220,6886,5,15951,2.8,6,18,12,226891,19617,258,3,24,True
596,4,12,Galio,Side.blue,35,1058,1058,1058,13,11043,3.076923076923077,5,15,59,87581,29878,95,0,12,True
597,7,4,Jhin,Side.blue,2,3689,4114,3689,1,7700,5.0,3,10,4,77619,5686,137,2,11,True
598,4,12,Vayne,Side.red,1,3551,4383,3551,0,6411,3.0,2,11,3,55074,5492,124,1,11,True
599,4,1,Jhin,Side.blue,7,1124,1124,1124,5,9718,2.2,4,12,15,99114,10983,186,0,26,False
600,14,12,Akali,Side.blue,3,119,734,119,8,6493,0.625,2,12,1,54835,19021,103,0,13,False
601,4,3,Jhin,Side.red,8,818,6281,818,10,12067,1.4,6,15,23,158096,19393,191,0,19,False
602,11,4,LeeSin,Side.blue,5,3039,5703,3039,1,9026,17.0,12,10,8,67378,11325,26,3,10,True
603,11,4,Sejuani,Side.blue,21,3095,22808,3095,5,11672,6.2,10,14,44,106490,28777,33,1,29,True
604,11,4,Viego,Side.blue,2,638,15869,638,8,7028,0.5,2,10,6,93959,25643,16,1,14,False
605,4,14,Lulu,Side.red,12,2078,2868,2078,5,7806,3.0,3,14,24,20107,12187,11,0,48,True
606,4,11,Talon,Side.red,7,0,13822,0,11,10962,1.1818181818181819,6,14,5,159781,31980,32,0,31,False
607,4,12,Irelia,Side.blue,11,11153,19713,11153,2,17520,12.0,13,18,17,272030,41769,290,4,29,True
608,4,14,Sett,Side.red,13,2416,4028,2416,9,9650,2.2222222222222223,7,14,49,54788,26679,46,1,69,True
609,4,14,Blitzcrank,Side.blue,21,1230,2162,1230,6,9495,3.8333333333333335,2,14,37,22810,14876,30,0,104,True
610,4,11,Kindred,Side.red,9,4538,43772,4538,6,14449,3.1666666666666665,10,16,13,201275,27222,28,1,49,True
611,4,12,Lissandra,Side.red,13,7463,7463,7463,3,11126,6.666666666666667,7,13,45,108740,16938,160,3,17,True
612,11,4,LeeSin,Side.blue,14,5466,16573,5466,5,11398,4.0,6,14,15,133350,27343,23,2,27,True
613,4,6,Tryndamere,Side.blue,0,2254,2254,2254,1,7090,3.0,3,12,3,79089,7603,148,0,5,True
614,11,4,Camille,Side.blue,23,2922,28260,2922,6,16532,5.666666666666667,11,18,42,251062,64129,65,1,41,True
615,11,4,Evelynn,Side.red,3,689,4586,689,6,9142,1.6666666666666667,7,13,12,99414,17598,35,0,16,False
616,4,14,Leona,Side.red,24,369,3712,369,14,12696,1.8571428571428572,2,18,70,27952,45219,37,0,158,False
617,1,4,Aphelios,Side.blue,5,5890,16441,5890,0,14186,9.0,4,16,16,229930,11607,285,3,39,True
618,14,4,Rumble,Side.blue,1,1103,1103,1103,1,9535,14.0,13,13,8,75202,9205,117,1,8,True
619,4,14,Ahri,Side.blue,9,242,242,242,3,6754,4.333333333333333,4,11,26,24957,7878,26,0,31,True
620,11,4,Poppy,Side.blue,6,0,2825,0,6,7110,1.3333333333333333,2,11,20,98044,17842,16,0,25,False
621,14,4,Nunu,Side.blue,4,0,0,0,9,8869,1.0,5,13,27,77968,22343,126,0,30,False
622,4,12,Zoe,Side.blue,2,2683,5747,2683,5,8510,0.8,2,13,20,96231,15946,135,0,17,True
623,4,11,Graves,Side.red,9,1799,25479,1799,6,13503,3.6666666666666665,13,15,19,168243,24113,28,1,18,True
624,4,7,Samira,Side.blue,7,5013,5387,5013,8,14304,2.5,13,14,2,142478,19181,187,3,22,True
625,4,12,Ryze,Side.red,5,856,856,856,8,6757,0.875,2,11,21,74190,14962,127,0,7,False
626,4,12,Sylas,Side.red,6,969,969,969,5,7075,1.6,2,13,17,81272,23914,127,0,12,True
627,4,14,Yasuo,Side.blue,6,2246,25137,2246,6,16246,2.5,9,18,15,239217,25521,261,1,46,True
628,12,4,Poppy,Side.red,6,566,3970,566,7,8199,1.1428571428571428,2,13,23,88339,21539,148,0,21,False
629,4,14,Karma,Side.red,15,655,802,655,2,6853,8.5,2,9,23,19887,7953,24,0,42,True
630,12,4,Chogath,Side.red,3,4094,4094,4094,1,6404,4.0,1,11,27,70210,8886,124,1,14,True
631,14,4,Gragas,Side.red,12,375,2132,375,2,9319,9.0,6,13,25,70336,12828,133,2,9,True
632,14,4,Rakan,Side.blue,12,392,562,392,4,7434,3.75,3,12,12,18260,13350,29,0,63,False
633,14,4,Annie,Side.blue,8,1914,2913,1914,9,11643,1.7777777777777777,8,15,14,87156,18634,157,1,24,True
634,4,11,Nidalee,Side.blue,4,0,3410,0,3,7244,2.6666666666666665,4,11,6,86195,14390,13,0,15,False
635,7,4,Lucian,Side.red,8,5063,10714,5063,5,18787,5.6,20,16,2,192680,19423,238,1,30,True
636,11,6,Hecarim,Side.red,10,1330,12130,1330,2,11556,9.5,9,14,26,147371,26770,15,1,16,True
637,4,12,TwistedFate,Side.red,6,4140,6768,4140,7,15065,2.0,8,16,55,171488,20455,234,2,26,False
638,12,4,Poppy,Side.red,0,939,1730,939,7,7842,0.2857142857142857,2,12,12,89308,16852,167,0,19,False
639,4,11,Rumble,Side.blue,4,0,2779,0,5,10871,1.6,4,14,13,155921,23188,50,0,18,False
640,4,11,RekSai,Side.red,10,2736,32573,2736,4,13708,4.0,6,16,19,192275,29868,45,1,29,False
641,12,4,Lucian,Side.red,8,6722,16595,6722,6,13264,2.3333333333333335,6,15,0,165333,18459,186,2,31,True
642,6,4,Tryndamere,Side.blue,4,14871,25935,14871,2,16174,5.0,6,17,9,280357,26546,279,4,12,True
643,3,4,Ezreal,Side.red,6,4628,8474,4628,4,8245,1.5,0,13,2,102561,11725,175,2,22,True
644,12,4,Leblanc,Side.red,6,5067,5745,5067,1,10586,17.0,11,13,23,68999,13824,130,2,29,True
645,4,11,Skarner,Side.blue,17,0,24480,0,7,12370,3.0,4,16,50,187613,45563,25,0,50,True
646,4,14,Yasuo,Side.red,4,1896,3991,1896,1,13417,12.0,8,15,15,162362,10720,232,2,26,True
647,4,14,Nautilus,Side.blue,6,53,207,53,7,5559,1.0,1,9,38,17236,12252,32,0,51,False
648,3,4,Jhin,Side.blue,5,207,1516,207,3,7293,2.3333333333333335,2,11,14,66673,6605,126,0,9,False
649,4,14,Ahri,Side.blue,0,221,221,221,2,5381,2.0,4,10,9,38819,5624,86,0,10,True
650,4,12,Sylas,Side.red,3,723,6613,723,6,9993,1.6666666666666667,7,14,23,103322,23597,165,1,18,False
651,14,4,Morgana,Side.blue,16,2065,2065,2065,2,7104,9.5,3,11,35,15948,7120,4,0,37,True
652,12,4,Annie,Side.red,5,1076,1076,1076,7,11655,2.142857142857143,10,14,19,103601,16727,161,1,23,False
653,4,12,Vladimir,Side.blue,7,283,1400,283,2,5583,3.5,0,11,1,45278,7378,104,0,13,True
654,11,4,Rengar,Side.blue,3,0,15864,0,6,6933,0.6666666666666666,1,11,7,100503,17558,18,0,26,False
655,6,4,Tryndamere,Side.blue,4,4522,10184,4522,8,11088,1.0,4,15,10,126940,29788,178,1,15,True
656,12,4,Lux,Side.red,3,158,158,158,12,9257,0.5833333333333334,4,13,36,94536,15976,165,0,27,False
657,4,12,Aatrox,Side.blue,8,1782,10802,1782,5,11837,1.6,0,16,9,148193,39458,226,1,27,False
658,4,12,Poppy,Side.blue,3,865,865,865,6,7591,0.8333333333333334,2,13,28,75339,21317,139,1,8,False
659,4,12,Riven,Side.red,2,2863,4864,2863,2,8830,4.5,7,12,12,74956,15053,138,1,5,True
660,14,4,Pantheon,Side.red,10,0,508,0,5,10050,2.8,4,14,14,87071,15695,155,0,25,False
661,12,4,Singed,Side.blue,5,2192,3964,2192,1,7389,7.0,2,13,22,88468,11295,138,1,8,False
662,4,7,Jinx,Side.blue,9,7207,16960,7207,3,11456,4.333333333333333,4,14,18,157998,15863,195,3,27,True
663,4,3,Veigar,Side.blue,2,488,488,488,3,6660,2.3333333333333335,5,11,6,58772,7447,122,0,6,False
664,4,12,Veigar,Side.red,2,4165,4165,4165,1,9668,9.0,7,13,18,109243,9656,182,1,23,True
665,4,12,Veigar,Side.red,5,1287,1287,1287,3,9150,4.333333333333333,8,12,26,73551,9623,126,0,14,True
666,4,14,Talon,Side.blue,9,0,15597,0,8,15424,2.0,7,18,3,214583,37930,260,0,27,False
667,14,4,Nautilus,Side.red,13,65,1449,65,4,6674,3.5,1,11,46,21158,10996,25,0,44,True
668,11,4,Taliyah,Side.blue,16,2232,14334,2232,7,12856,3.5714285714285716,9,16,16,149552,23981,20,0,28,True
669,14,4,Yasuo,Side.red,2,850,7461,850,7,8371,0.8571428571428571,4,12,10,100588,15236,139,0,8,False
670,11,4,Rumble,Side.blue,3,285,3390,285,3,7074,2.3333333333333335,4,11,5,81588,11328,20,0,19,False
671,4,12,Yone,Side.blue,13,3193,20060,3193,6,14253,3.1666666666666665,6,17,16,192535,19378,197,0,21,True
672,4,12,Ryze,Side.blue,17,5759,15725,5759,4,15530,7.0,11,17,34,228753,19045,215,1,31,True
673,4,7,Swain,Side.red,12,544,6047,544,2,9574,8.0,4,14,21,77677,14228,157,1,12,True
674,4,12,Kennen,Side.blue,4,719,1958,719,5,8586,1.8,5,13,21,78519,13019,165,0,13,False
675,4,11,LeeSin,Side.blue,8,941,27392,941,7,11428,2.4285714285714284,9,13,19,120988,33006,27,2,34,False
676,4,11,Ivern,Side.red,3,0,1821,0,4,7020,1.25,2,11,22,285959,8155,10,0,25,False
677,4,7,Jinx,Side.blue,4,12685,30671,12685,1,9899,6.0,2,13,7,127110,10432,183,4,19,True
678,4,7,Caitlyn,Side.blue,3,3109,6790,3109,10,11446,1.0,7,14,18,119825,16036,172,1,17,False
679,12,4,Ryze,Side.red,3,198,603,198,6,5298,0.8333333333333334,2,10,14,46479,12322,94,0,14,False
680,12,4,Riven,Side.red,9,1421,6818,1421,9,9934,1.7777777777777777,7,14,34,91489,31482,123,0,9,True
681,4,11,Kayn,Side.red,16,2730,39556,2730,7,16989,4.428571428571429,15,18,34,230692,40911,87,1,18,True
682,4,12,Graves,Side.red,13,9441,21327,9441,5,19039,4.6,10,18,15,311579,31132,300,3,41,True
683,12,4,Yone,Side.blue,2,4120,11640,4120,3,12164,4.0,10,15,10,147324,16898,172,2,21,True
684,14,4,Katarina,Side.red,2,1743,1743,1743,10,7483,0.6,4,11,0,66252,18899,118,0,13,False
685,12,4,Viego,Side.red,7,4355,9431,4355,10,16292,1.7,10,17,17,165470,45323,189,1,39,False
686,4,14,Nautilus,Side.red,13,55,1024,55,3,6495,4.666666666666667,1,11,43,21093,12377,35,0,41,True
687,7,4,Karma,Side.red,21,915,3766,915,4,8905,6.0,3,12,22,23731,10370,18,1,69,True
688,11,4,Nidalee,Side.red,1,0,1998,0,6,5965,0.5,2,10,2,70628,18998,11,0,12,False
689,4,12,TahmKench,Side.blue,3,1655,5259,1655,6,5587,0.5,0,10,25,48389,19130,109,0,8,False
690,14,4,Riven,Side.blue,4,3209,6875,3209,9,11903,1.2222222222222223,7,14,35,116996,33016,177,1,12,False
691,12,14,Jax,Side.blue,6,8293,17612,8293,8,15964,2.5,14,16,22,161879,37984,168,2,26,False
692,4,12,Yone,Side.red,5,0,3498,0,10,10796,1.0,5,15,27,146292,27264,170,0,14,False
693,3,4,Karma,Side.red,26,1240,9244,1240,6,9420,4.5,1,16,32,32820,21118,38,0,56,True
694,14,4,Lulu,Side.red,10,507,3057,507,1,7624,11.0,1,12,15,12788,12194,28,0,59,True
695,14,4,Alistar,Side.red,16,260,1462,260,8,7852,2.25,2,13,51,25560,23337,35,0,69,True
696,4,12,Leblanc,Side.red,7,6378,7089,6378,3,17617,5.666666666666667,10,18,31,201543,27887,265,3,28,True
697,4,12,Fiora,Side.blue,5,8485,8875,8485,3,11955,3.0,4,15,5,121581,18453,204,2,25,True
698,4,12,Yone,Side.blue,12,9446,26293,9446,7,18638,2.857142857142857,8,18,24,247697,36089,252,6,30,True
699,4,14,Yone,Side.blue,9,5903,20585,5903,1,12991,17.0,8,16,15,177024,20613,192,2,16,True
700,4,3,Yasuo,Side.blue,2,1324,3983,1324,1,6607,5.0,3,11,7,58413,4174,125,0,6,True
701,11,4,Nocturne,Side.blue,12,3650,25606,3650,5,11625,3.6,6,15,149,171394,28572,61,1,30,True
702,4,14,Pantheon,Side.red,8,0,2564,0,2,6963,7.0,6,9,18,24058,8129,25,0,36,True
703,3,4,Ezreal,Side.blue,7,4494,9797,4494,6,11403,2.5,8,13,3,112885,16309,158,2,28,True
704,4,21,Jhin,Side.blue,8,5345,6543,5345,0,13346,19.0,11,13,20,167863,14360,229,4,22,True
705,4,3,Akshan,Side.red,4,5001,10435,5001,3,14457,5.0,11,18,1,157455,17386,197,1,29,True
706,4,3,Aphelios,Side.blue,2,1179,1179,1179,3,10142,1.6666666666666667,3,13,8,115398,13225,236,1,25,False
707,4,7,Jhin,Side.blue,5,2668,18807,2668,2,12583,4.0,3,16,18,191347,12643,244,3,22,True
708,4,12,Akali,Side.red,7,2642,4790,2642,2,10152,8.0,9,14,1,87645,13962,147,1,11,True
709,12,14,Akali,Side.blue,1,0,1302,0,5,8937,0.8,3,14,1,106868,16829,188,0,12,False
710,12,4,Urgot,Side.blue,5,756,25769,756,8,14912,1.5,7,18,27,195490,28741,218,0,34,False
711,4,14,Karma,Side.red,8,2025,2343,2025,5,8212,2.0,2,12,18,26952,13495,12,0,52,False
712,4,11,RekSai,Side.red,5,962,20531,962,5,8340,1.8,4,12,10,122031,21504,6,0,26,True
713,4,7,MissFortune,Side.blue,11,7644,17950,7644,4,14230,4.0,5,16,6,198243,17561,273,3,15,True
714,11,4,Trundle,Side.blue,13,6938,26773,6938,2,14369,11.5,10,17,35,179825,52475,42,2,50,False
715,4,3,Aphelios,Side.red,12,14084,36876,14084,1,18589,26.0,14,16,29,251052,10503,286,2,17,True
716,4,11,Graves,Side.red,9,1799,25479,1799,6,13503,3.6666666666666665,13,15,19,168243,24113,28,1,18,True
717,4,12,Veigar,Side.blue,7,262,3425,262,4,10526,3.0,5,15,18,108567,18847,197,0,13,False
718,14,4,Riven,Side.blue,4,3182,8242,3182,7,13574,1.1428571428571428,4,16,19,181630,26042,230,2,26,False
719,4,14,Morgana,Side.blue,19,153,1777,153,3,9339,7.0,2,14,68,29074,15825,17,0,73,True
720,3,4,Zilean,Side.blue,21,920,1261,920,1,8605,23.0,2,13,13,21322,11269,47,0,71,True
721,4,14,Riven,Side.red,5,3092,6005,3092,7,11081,1.2857142857142858,4,15,23,123398,27224,187,1,14,False
722,12,14,Camille,Side.blue,4,1893,8388,1893,7,13719,1.8571428571428572,9,15,25,116326,33510,167,1,24,False
723,11,4,LeeSin,Side.red,6,0,10455,0,6,9437,1.5,3,13,10,137760,23942,15,0,13,False
724,11,4,Rengar,Side.red,3,0,13009,0,4,7886,1.5,3,11,9,115217,20972,8,0,21,False
725,14,12,Camille,Side.blue,11,3734,3734,3734,4,9833,3.75,4,14,16,103334,22070,144,0,25,True
726,14,4,Teemo,Side.red,6,9103,19981,9103,3,12594,3.6666666666666665,5,16,21,160166,13245,207,4,24,True
727,4,12,Xerath,Side.blue,8,1922,2883,1922,2,8758,5.0,2,14,18,119829,7418,187,0,20,True
728,4,12,Yone,Side.red,5,1836,1836,1836,7,11532,1.4285714285714286,5,15,13,141732,20589,197,1,13,False
729,4,14,Maokai,Side.blue,18,139,4177,139,3,7955,6.333333333333333,1,13,60,34647,20831,42,0,69,True
730,4,14,Bard,Side.red,12,405,784,405,3,8468,4.666666666666667,2,14,45,34359,17994,24,0,125,False
731,3,4,Soraka,Side.red,14,0,181,0,9,6772,1.5555555555555556,0,13,20,8460,14094,17,0,47,False
732,4,12,Viego,Side.red,1,0,4391,0,3,6641,0.3333333333333333,0,12,2,73058,10946,165,0,18,True
733,4,14,Leona,Side.red,12,966,1887,966,2,7811,7.5,3,12,24,15685,10794,26,0,56,True
734,12,4,Pyke,Side.blue,9,152,152,152,5,11801,3.6,9,11,18,27785,10800,68,0,9,True
735,14,4,Talon,Side.blue,1,460,460,460,12,9926,0.75,8,12,2,66464,29644,100,0,10,False
736,4,12,Jayce,Side.red,7,5898,13945,5898,2,10834,6.5,6,15,7,132730,12898,174,2,29,True
737,7,4,Jinx,Side.red,6,125,6717,125,9,11724,1.6666666666666667,9,14,16,133689,22966,178,0,9,False
738,14,4,Taric,Side.blue,4,0,0,0,4,4727,1.25,1,9,11,14301,11066,30,0,31,False
739,4,12,Kennen,Side.red,3,2649,4299,2649,6,8583,1.1666666666666667,4,13,15,90176,16376,137,1,7,False
740,4,3,Bard,Side.red,7,0,903,0,8,6587,1.125,2,10,37,13474,14848,9,0,40,False
741,11,4,Rengar,Side.red,3,3266,15405,3266,10,13258,1.4,11,15,14,147635,33792,42,0,20,False
742,4,12,Camille,Side.blue,5,3963,5853,3963,5,10989,1.4,2,15,11,119667,24746,186,1,27,True
743,4,14,Brand,Side.red,18,0,848,0,18,9701,1.1666666666666667,3,14,23,63604,30284,24,0,94,False
744,1,4,MissFortune,Side.red,9,1232,1232,1232,1,7069,10.0,1,11,8,37204,5898,115,1,28,True
745,4,7,Ashe,Side.blue,11,9982,16463,9982,2,12239,9.0,7,14,44,133295,13048,181,4,31,True
746,4,14,Bard,Side.red,12,1814,1814,1814,2,7733,7.5,3,12,40,19690,8455,24,2,85,True
747,7,4,Jinx,Side.blue,1,464,6280,464,8,8378,0.625,4,11,8,103764,14116,141,1,9,False
748,11,4,Evelynn,Side.red,7,1165,3090,1165,5,15376,4.2,14,18,12,186021,30379,52,0,51,False
749,14,4,Sett,Side.red,2,4961,15513,4961,7,12223,0.7142857142857143,3,16,14,172046,26324,229,3,37,True
750,4,14,Teemo,Side.red,1,2272,16779,2272,1,7387,2.0,1,12,13,83839,5579,173,1,11,False
751,4,12,Karma,Side.blue,5,0,2277,0,4,10025,3.0,7,14,36,107496,17610,165,0,18,False
752,14,4,Rakan,Side.red,18,386,1122,386,4,8264,4.5,0,14,31,16130,13760,22,0,133,False
753,4,12,Fiora,Side.red,5,3720,4646,3720,4,9975,2.25,4,15,9,105161,24598,181,1,16,True
754,4,3,Rakan,Side.red,24,748,1616,748,6,8784,4.333333333333333,2,14,30,15902,18577,29,0,78,True
755,12,4,AurelionSol,Side.blue,12,573,4875,573,10,12057,1.5,3,16,47,167099,31389,215,0,19,False
756,4,12,Jax,Side.blue,4,2789,2789,2789,2,12843,3.5,3,16,12,178919,30183,233,1,10,False
757,14,4,Zoe,Side.blue,1,0,0,0,4,5579,0.25,0,11,14,68903,8833,127,0,11,False
758,12,4,Akali,Side.red,3,2614,2614,2614,0,7584,5.0,2,12,2,73231,9071,162,1,13,False
759,4,14,Vex,Side.red,3,158,2263,158,8,10072,1.25,7,14,30,109864,20147,170,0,10,False
760,14,4,Karma,Side.red,15,251,905,251,8,8387,2.125,2,13,24,23398,16156,22,0,83,False
761,4,7,Kaisa,Side.blue,2,0,0,0,8,5709,0.5,2,9,0,44422,12498,107,0,20,False
762,7,4,Jinx,Side.red,9,5345,10998,5345,6,14633,2.8333333333333335,8,16,33,200855,22164,274,2,33,False
763,14,4,Alistar,Side.red,21,0,0,0,9,6879,2.3333333333333335,0,12,48,16439,18746,26,0,56,True
764,4,6,Darius,Side.blue,0,762,1612,762,3,6646,0.3333333333333333,1,11,6,68213,11653,126,0,11,False
765,11,4,JarvanIV,Side.blue,12,41,18522,41,2,7031,7.5,3,10,15,86680,11624,4,1,3,True
766,4,12,Sylas,Side.red,3,723,6613,723,6,9993,1.6666666666666667,7,14,23,103322,23597,165,1,18,False
767,4,3,Sona,Side.blue,8,316,316,316,6,7015,2.1666666666666665,5,10,11,14218,14032,12,0,37,False
768,14,4,Akshan,Side.blue,9,5266,15451,5266,9,16613,2.4444444444444446,13,17,2,188611,18514,195,3,46,True
769,11,4,Ivern,Side.blue,9,544,842,544,6,9584,2.1666666666666665,4,13,69,326203,15881,19,1,32,False
770,3,4,Pyke,Side.blue,6,1388,1887,1388,0,8736,11.0,5,12,17,31856,8245,121,1,13,True
771,14,4,Amumu,Side.blue,8,0,0,0,8,5858,1.125,1,11,32,22496,14547,38,0,63,False
772,14,4,Thresh,Side.blue,25,153,1503,153,4,9619,6.25,0,16,40,20467,17567,41,0,93,True
773,3,4,Lulu,Side.blue,14,0,37,0,6,6551,2.3333333333333335,0,13,38,9089,14059,14,0,73,False
774,14,4,Talon,Side.red,9,1766,8143,1766,0,11784,23.0,14,13,3,105344,10207,150,1,17,True
775,14,4,Bard,Side.red,20,1187,2034,1187,5,10763,4.8,4,16,28,28832,18549,39,1,134,True
776,4,7,Soraka,Side.red,22,1074,3152,1074,5,9659,5.2,4,13,32,15706,18325,10,0,65,True
777,14,4,Qiyana,Side.blue,5,0,964,0,6,6180,1.5,4,11,17,54120,12757,99,0,6,False
778,14,4,Bard,Side.red,31,897,2361,897,4,11059,8.5,3,16,58,48072,22465,27,0,89,True
779,14,4,Blitzcrank,Side.blue,3,0,0,0,3,3624,1.3333333333333333,1,7,15,9186,9073,22,0,10,False
780,4,14,Maokai,Side.blue,16,302,302,302,4,6009,4.0,0,10,42,25326,11542,29,0,30,True
781,4,1,Lucian,Side.red,6,4976,14667,4976,6,13659,1.5,3,15,0,169055,14938,232,2,32,True
782,14,4,Rell,Side.blue,13,136,1810,136,3,7970,5.0,2,12,33,25586,12786,42,0,76,False
783,3,4,Lucian,Side.blue,10,7856,12680,7856,4,10286,4.25,7,13,1,106699,13972,150,3,29,True
784,4,1,Yasuo,Side.red,5,759,759,759,10,10014,1.0,5,12,24,128259,20457,183,0,18,False
785,4,14,Ekko,Side.blue,14,3721,10450,3721,8,14252,2.875,9,18,13,177594,31957,177,0,37,True
786,12,4,Poppy,Side.red,5,2321,6505,2321,8,9003,0.875,2,15,41,94460,25348,125,1,32,False
787,4,11,Viego,Side.blue,7,1851,34765,1851,3,12314,4.666666666666667,7,15,14,176525,24785,24,1,20,True
788,4,11,Ekko,Side.blue,3,156,1894,156,2,9396,3.5,4,13,11,137491,18620,47,0,17,False
789,4,21,Warwick,Side.blue,7,0,1959,0,9,11376,1.6666666666666667,8,16,23,88291,41665,118,0,19,False
790,12,4,Renekton,Side.blue,5,739,4973,739,8,10009,0.75,1,15,16,132946,37967,211,1,19,False
791,12,4,Singed,Side.blue,10,3577,8417,3577,7,13536,2.2857142857142856,6,17,38,147841,31695,180,2,49,True
792,4,11,Kindred,Side.red,0,350,27263,350,7,10930,0.7142857142857143,5,14,4,174607,24683,15,1,40,False
793,4,3,Ezreal,Side.red,1,2994,8129,2994,8,12059,1.0,7,13,4,120488,20935,183,1,27,False
794,4,7,Jhin,Side.red,6,639,844,639,3,10102,3.0,3,13,15,105260,11897,209,0,18,False
795,4,14,Akshan,Side.blue,15,8967,22771,8967,6,15812,4.333333333333333,11,16,3,183296,22566,201,3,28,False
796,11,4,Evelynn,Side.blue,5,0,10431,0,2,10935,8.0,11,14,12,139663,16924,16,0,29,True
797,11,4,Zed,Side.red,9,588,8359,588,10,11504,1.7,8,15,6,148113,32775,31,0,21,False
798,4,3,Jhin,Side.red,2,505,626,505,3,4844,0.6666666666666666,0,9,7,46044,5146,122,0,4,False
799,3,4,Draven,Side.red,5,4704,20025,4704,13,19534,1.4615384615384615,14,17,17,306785,39265,251,2,26,False
800,7,4,Jhin,Side.red,3,5316,5316,5316,3,15446,4.0,9,16,26,214838,17082,282,2,24,True
801,4,12,Gragas,Side.blue,4,2212,8563,2212,4,8478,1.75,3,13,44,93584,19931,123,0,11,True
802,7,4,MissFortune,Side.red,10,4442,11898,4442,10,16174,2.7,17,14,8,179402,25487,199,1,34,False
803,4,14,Rell,Side.red,12,0,213,0,6,6852,2.0,0,12,28,21801,16670,36,0,73,False
804,4,7,Jhin,Side.red,6,7762,13282,7762,1,12849,16.0,10,14,15,118270,8089,175,3,17,True
805,4,14,Rakan,Side.blue,19,246,246,246,6,7027,3.1666666666666665,0,11,15,12853,10145,15,0,55,True
806,4,14,Pyke,Side.blue,8,522,522,522,4,14093,6.25,17,11,20,28819,14766,32,0,35,True
807,14,4,Qiyana,Side.red,3,1002,6035,1002,7,11665,1.5714285714285714,8,15,14,134960,16908,176,0,13,True
808,11,4,Viego,Side.blue,1,672,11420,672,3,5277,1.0,2,9,6,56308,12233,8,0,7,False
809,4,7,MissFortune,Side.red,10,1675,6349,1675,7,10323,1.5714285714285714,1,14,12,106708,18638,197,1,33,False
810,14,3,Yuumi,Side.red,10,991,2740,991,0,5782,10.0,0,10,9,11410,1600,9,0,41,True
811,4,14,Lissandra,Side.blue,12,3720,4276,3720,2,9117,8.5,5,13,31,87412,13235,143,2,15,True
812,12,4,Viktor,Side.blue,8,3111,4031,3111,2,10262,6.0,4,14,9,104713,10902,146,2,22,True
813,11,4,Udyr,Side.red,11,801,24972,801,5,10411,3.0,4,15,33,140521,31784,42,1,33,True
814,14,4,Zed,Side.blue,10,6916,6916,6916,6,16281,3.5,11,16,10,171796,22422,236,3,19,False
815,7,4,Jhin,Side.red,17,4228,25625,4228,2,22060,15.5,14,18,58,386206,22822,365,1,53,False
816,11,4,LeeSin,Side.red,4,5852,35735,5852,2,10317,5.0,6,13,9,139867,17351,48,2,17,True
817,14,4,Leona,Side.blue,22,548,724,548,1,7628,24.0,2,12,29,17371,8542,36,0,48,True
818,4,12,Sett,Side.blue,10,1685,4852,1685,5,11193,3.2,6,15,20,85496,22297,156,0,15,True
819,4,12,Graves,Side.blue,0,1294,1294,1294,2,5128,0.0,0,10,14,61717,5951,115,0,7,False
820,11,4,Graves,Side.red,11,3542,42213,3542,5,13265,3.2,5,16,14,193632,32528,44,4,44,True
821,7,4,MissFortune,Side.blue,4,518,9472,518,11,8470,0.6363636363636364,3,13,10,84451,17157,129,0,10,False
822,4,7,Sona,Side.red,23,3659,7392,3659,10,9548,2.6,3,14,18,29874,23075,26,0,58,True
823,4,7,Sona,Side.blue,17,2608,4044,2608,6,8788,3.5,4,13,9,20635,15962,12,1,47,True
824,4,11,Viego,Side.blue,15,2563,39311,2563,4,12981,5.25,6,16,19,183770,33064,48,3,31,True
825,4,7,Sona,Side.red,5,1483,1483,1483,6,7755,1.5,4,12,7,14210,13281,16,0,71,False
826,4,12,Riven,Side.blue,11,2629,12587,2629,5,12815,3.2,5,16,21,135444,29509,190,2,28,True
827,4,3,Lucian,Side.blue,8,4690,21192,4690,7,15319,2.2857142857142856,8,17,2,250233,21152,255,0,31,True
828,11,4,Zed,Side.blue,9,864,21992,864,10,16656,1.7,8,18,7,263531,44148,115,1,46,False
829,4,12,Vladimir,Side.blue,10,3084,4645,3084,3,11249,6.0,8,14,4,99348,20398,165,0,15,True
830,11,4,Qiyana,Side.blue,10,948,31139,948,3,10145,5.333333333333333,6,14,11,144865,19180,14,3,33,True
831,7,4,Jinx,Side.red,9,4609,8435,4609,1,7560,13.0,4,10,6,70390,7046,122,1,19,True
832,4,14,Rumble,Side.red,11,3919,13301,3919,4,10845,4.5,7,13,13,103959,14616,151,3,17,True
833,14,4,Qiyana,Side.red,5,4985,10173,4985,1,11246,13.0,8,13,11,128431,9489,155,2,19,True
834,4,11,Talon,Side.red,8,3123,54864,3123,2,18290,9.5,11,18,4,337746,32854,63,3,39,True
835,4,14,Yasuo,Side.red,6,7423,14589,7423,8,15244,1.25,4,17,22,245024,26334,266,2,20,False
836,14,4,Rakan,Side.red,14,473,5005,473,6,9409,3.0,4,12,20,24188,17944,32,0,100,False
837,4,11,RekSai,Side.blue,6,0,16481,0,4,8731,2.0,2,13,11,133743,22390,16,0,25,False
838,1,4,Xayah,Side.blue,4,5114,9829,5114,3,10300,3.0,5,14,6,126493,12974,192,2,11,True
839,4,12,Fizz,Side.blue,9,2829,2829,2829,7,9658,1.8571428571428572,4,14,11,79203,22822,144,1,14,True
840,4,12,MonkeyKing,Side.red,9,18201,26717,18201,8,17852,2.875,14,18,16,200113,41134,234,5,18,True
841,4,11,Zac,Side.red,6,334,11178,334,2,8981,5.0,4,12,30,108425,24690,10,1,11,False
842,4,7,Sona,Side.red,13,3087,3210,3087,6,8004,2.3333333333333335,1,13,12,27470,14989,21,0,46,True
843,11,4,Qiyana,Side.blue,6,673,39328,673,4,13125,3.0,6,16,26,269271,28731,47,1,54,False
844,4,12,Sylas,Side.red,3,138,138,138,7,8170,0.8571428571428571,3,13,22,78901,20809,149,0,11,False
845,4,14,Poppy,Side.red,14,1769,4373,1769,8,9200,2.25,4,14,44,32890,23856,37,0,61,True
846,4,7,Jhin,Side.blue,5,539,1156,539,6,11562,1.6666666666666667,5,14,22,145498,16343,229,0,19,False
847,4,14,Lissandra,Side.blue,11,6216,12422,6216,4,15597,5.75,12,18,40,185695,26822,227,0,41,True
848,7,4,Janna,Side.red,6,761,1061,761,8,5394,0.75,0,11,36,21405,16257,15,0,44,False
849,4,11,Zed,Side.blue,3,0,10280,0,8,12442,1.875,12,14,5,117265,25351,17,0,27,False
850,4,12,Ryze,Side.blue,5,1388,3415,1388,6,9973,1.5,4,14,28,134163,19727,209,1,25,False
851,7,4,Soraka,Side.blue,14,0,106,0,7,7192,2.0,0,13,43,15968,14963,13,0,66,False
852,4,7,Jhin,Side.blue,9,1102,1102,1102,6,12182,2.3333333333333335,5,16,17,157432,12337,226,0,22,False
853,3,4,Twitch,Side.red,6,271,361,271,9,5937,0.6666666666666666,0,10,9,56589,17498,112,0,8,False
854,4,14,Akali,Side.blue,2,2656,2656,2656,4,11802,2.5,8,15,2,122714,20079,186,1,24,False
855,4,12,Jayce,Side.blue,3,2683,7529,2683,5,7661,2.0,7,11,11,50800,9703,80,0,7,True
856,12,4,Riven,Side.red,9,1421,6818,1421,9,9934,1.7777777777777777,7,14,34,91489,31482,123,0,9,True
857,4,1,Jinx,Side.blue,4,4764,6139,4764,4,13092,1.75,3,14,18,200401,15543,269,2,48,False
858,4,3,Karthus,Side.blue,9,466,1054,466,7,11007,1.7142857142857142,3,14,24,133700,14178,196,0,18,False
859,4,7,Senna,Side.blue,8,1472,1810,1472,7,8400,1.8571428571428572,5,11,12,36180,15735,19,1,32,False
860,12,4,Kennen,Side.blue,9,5817,8705,5817,2,14316,7.0,5,18,15,150290,18872,239,2,19,True
861,4,14,Amumu,Side.blue,11,525,2792,525,12,9116,0.9166666666666666,0,15,35,38142,36008,39,0,73,False
862,12,4,Corki,Side.red,4,168,3568,168,8,11616,1.625,9,14,2,99217,19507,159,0,26,False
863,4,7,Sivir,Side.red,3,3338,7556,3338,4,11443,1.25,2,14,1,174737,14100,236,2,34,False
864,4,14,Akshan,Side.red,10,7162,11611,7162,7,20712,4.142857142857143,19,18,1,231978,28656,256,5,38,True
865,1,4,Yasuo,Side.red,4,1214,11816,1214,9,12197,1.0,5,15,13,193665,23826,186,0,31,False
866,4,14,Riven,Side.blue,4,818,3497,818,4,9354,1.75,3,14,18,99704,14331,159,0,19,True
867,4,12,Irelia,Side.red,8,10381,24033,10381,5,17729,4.2,13,17,16,226145,35905,232,4,26,True
868,4,11,Gragas,Side.blue,2,106,10699,106,3,5959,1.3333333333333333,2,10,14,73868,17811,10,0,12,False
869,14,4,Lulu,Side.blue,17,256,2516,256,5,9593,3.6,1,16,28,9953,13051,19,0,108,True
870,12,4,Fiora,Side.red,5,13490,17432,13490,6,15827,3.0,13,17,14,197239,31713,202,4,18,True
871,4,14,Zed,Side.blue,8,1582,8580,1582,9,11970,1.5555555555555556,6,15,5,114654,22565,157,0,10,False
872,4,7,Xayah,Side.red,7,1967,9007,1967,9,14252,2.111111111111111,12,14,19,139838,21161,180,1,35,False
873,4,3,MissFortune,Side.red,4,2004,4315,2004,4,7459,1.5,2,12,7,71150,7662,150,0,18,True
874,12,4,Fiora,Side.blue,3,9737,15762,9737,5,14323,2.2,8,17,9,166668,42368,228,4,30,True
875,11,4,Evelynn,Side.blue,4,0,15347,0,7,12112,1.8571428571428572,9,15,15,132284,29094,20,0,16,False
876,11,4,LeeSin,Side.blue,9,309,13391,309,7,10430,2.2857142857142856,7,13,16,108811,30502,25,0,27,False
877,4,14,Rumble,Side.red,13,1393,4477,1393,8,13079,2.125,4,17,20,134408,24283,195,1,32,True
878,11,4,Ekko,Side.red,3,32,7092,32,6,5658,0.5,0,9,14,79106,18001,13,0,7,False
879,4,14,Akshan,Side.red,9,5189,16634,5189,2,14574,7.5,6,17,0,167289,17928,217,2,32,True
880,12,4,Galio,Side.blue,6,2745,3470,2745,3,7568,3.3333333333333335,4,12,19,66434,12308,115,0,15,True
881,11,4,Kindred,Side.blue,8,2180,33010,2180,9,10301,1.5555555555555556,6,13,6,151107,21042,47,2,26,False
882,4,14,Blitzcrank,Side.blue,11,381,5583,381,3,6541,5.0,4,11,29,28005,8487,31,0,44,True
883,21,4,Lux,Side.red,12,1807,4826,1807,1,10056,17.0,5,14,28,94248,4602,148,1,18,True
884,4,12,Sylas,Side.red,2,1946,1946,1946,8,9609,0.875,5,13,32,82502,30542,144,1,22,False
885,4,14,Teemo,Side.red,6,7156,12304,7156,2,10840,5.0,4,15,32,106687,12668,187,4,17,True
886,11,4,Evelynn,Side.red,6,0,11108,0,6,10295,2.0,6,14,14,148356,27367,10,0,33,False
887,14,4,Soraka,Side.red,21,1379,2141,1379,2,8175,12.0,3,12,32,13467,7457,12,2,65,True
888,12,14,Katarina,Side.red,6,0,1304,0,6,9824,1.8333333333333333,5,13,0,94440,19363,140,0,18,False
889,4,21,Warwick,Side.red,8,4192,9776,4192,4,10626,2.5,2,16,16,111799,32025,182,1,14,True
890,4,14,Lulu,Side.red,7,758,1668,758,6,6207,1.3333333333333333,1,12,21,20013,14657,8,0,50,False
891,4,12,Irelia,Side.blue,6,1471,1471,1471,5,10354,1.6,2,15,11,119285,30147,214,1,31,True
892,3,4,Pyke,Side.red,3,317,317,317,9,9122,0.6666666666666666,3,11,14,28418,17146,112,0,25,False
893,4,14,Nautilus,Side.blue,12,365,1169,365,8,7367,1.5,0,14,41,26801,20933,33,0,65,True
894,12,4,Karma,Side.red,3,0,0,0,7,4862,0.42857142857142855,0,10,25,42650,14581,90,0,15,False
895,14,4,Rakan,Side.red,30,269,4384,269,4,11631,7.5,0,18,60,36153,20596,46,0,118,True
896,14,4,Leblanc,Side.red,4,0,0,0,3,6565,2.0,2,11,14,39544,10003,118,0,11,False
897,4,12,Graves,Side.red,3,4095,7293,4095,7,12317,1.5714285714285714,8,14,19,140113,21292,179,2,20,False
898,4,12,Ziggs,Side.red,1,17182,20984,17182,5,10672,1.6,7,13,12,113395,14483,148,3,22,True
899,14,4,Thresh,Side.blue,5,0,0,0,3,5053,1.6666666666666667,0,11,16,14265,8231,40,0,37,False
900,4,12,Irelia,Side.red,1,894,894,894,9,6910,0.2222222222222222,1,11,5,77170,20505,173,0,8,False
901,7,4,Ezreal,Side.red,12,5311,13473,5311,6,11884,3.3333333333333335,8,14,1,121194,17461,164,1,24,True
902,14,11,Shaco,Side.blue,8,0,4803,0,7,9587,2.0,6,14,45,85902,21148,23,0,28,False
903,11,4,Kindred,Side.blue,4,954,7759,954,9,8943,0.8888888888888888,4,12,5,121677,21305,32,0,17,False
904,4,12,Fiora,Side.red,10,3694,3694,3694,8,11808,2.125,7,15,14,104164,39167,163,1,14,False
905,11,4,Graves,Side.red,5,2988,23930,2988,5,11148,1.8,4,15,12,189927,20219,15,2,28,True
906,11,4,RekSai,Side.red,6,648,26856,648,6,11696,2.3333333333333335,8,14,26,168116,31396,30,1,24,False
907,4,11,Graves,Side.blue,12,3943,40010,3943,0,12548,20.0,8,14,14,172194,18116,23,3,34,True
908,4,14,Talon,Side.blue,5,3069,4848,3069,2,8256,4.5,4,12,0,88218,8698,145,0,21,True
909,4,14,Teemo,Side.red,3,2295,2710,2295,7,10334,1.0,4,15,32,104293,17885,201,0,17,False
910,4,12,Chogath,Side.red,0,0,0,0,5,7865,0.8,4,13,58,94624,18272,157,0,13,False
911,7,4,Vayne,Side.red,0,100,5802,100,3,6976,0.3333333333333333,1,12,2,58787,9073,157,0,14,False
912,7,3,Yuumi,Side.blue,12,660,2487,660,6,7663,2.5,3,13,40,23413,16749,13,0,57,False
913,4,12,Lulu,Side.blue,11,217,4404,217,5,7783,2.6,2,14,19,49444,14719,112,0,20,True
914,4,11,Qiyana,Side.blue,5,0,9041,0,7,8241,1.5714285714285714,6,11,15,112936,17882,20,0,20,False
915,4,12,Xerath,Side.red,10,1815,5607,1815,3,11761,6.0,8,16,12,130739,11134,178,0,10,True
916,7,4,Tristana,Side.blue,4,1384,1384,1384,7,9858,0.7142857142857143,1,13,5,127282,16600,175,1,19,False
917,7,4,Vayne,Side.blue,6,0,3016,0,3,6904,2.6666666666666665,2,11,3,62832,9021,124,0,8,True
918,4,12,Malphite,Side.blue,1,370,370,370,3,9420,1.0,2,15,33,114569,13226,190,0,22,False
919,6,12,Singed,Side.blue,13,3703,3703,3703,9,13660,2.4444444444444446,9,16,44,143908,34339,208,1,26,True
920,4,12,Graves,Side.red,1,1611,1929,1611,7,6075,0.14285714285714285,0,12,7,87499,11478,147,0,22,False
921,7,4,Ezreal,Side.red,2,661,661,661,4,5148,0.5,0,9,0,55138,7105,128,0,5,False
922,4,12,Camille,Side.blue,4,1303,1315,1303,8,12765,1.125,5,15,23,146223,30030,217,1,33,False
923,12,4,Jayce,Side.blue,0,1050,1050,1050,8,4594,0.125,1,9,6,42888,14358,85,0,5,False
924,12,4,Akali,Side.blue,7,2475,2676,2475,10,12552,1.5,8,15,3,104882,38235,150,1,24,False
925,7,4,Ezreal,Side.blue,0,0,0,0,4,6351,0.25,1,10,0,67355,13723,155,0,16,False
926,14,12,Akali,Side.blue,4,79,79,79,5,8878,1.4,3,14,2,118428,19454,197,0,14,False
927,4,3,Lucian,Side.blue,15,2624,7348,2624,13,11700,1.5384615384615385,5,15,6,126578,22860,156,1,25,True
928,7,4,Swain,Side.blue,15,2671,13042,2671,4,11183,3.75,0,15,38,140388,23344,170,0,23,True
929,4,14,Pyke,Side.blue,6,0,97,0,6,5167,1.5,3,8,12,14850,10635,29,0,19,False
930,3,4,Aphelios,Side.red,10,9399,23391,9399,3,14505,6.666666666666667,10,15,19,172324,11528,183,4,39,True
931,4,3,Rakan,Side.blue,18,525,5070,525,0,5664,18.0,0,8,25,15809,6541,18,0,42,True
932,4,11,LeeSin,Side.blue,2,0,2556,0,3,5261,1.0,1,9,5,68739,9328,33,0,4,False
933,12,14,Jax,Side.blue,2,3412,3412,3412,12,9560,0.6666666666666666,6,12,17,67649,31443,106,1,12,False
934,4,7,Lucian,Side.red,10,1795,9599,1795,11,13883,1.2727272727272727,4,16,2,223678,26838,259,1,23,False
935,4,14,Blitzcrank,Side.red,16,0,688,0,5,8443,4.4,6,12,27,14274,17745,22,0,44,True
936,4,11,Talon,Side.red,7,0,34090,0,5,13918,3.2,9,16,8,203068,30426,52,0,42,False
937,14,12,Akali,Side.red,7,1445,2836,1445,4,8719,3.0,5,14,2,89948,16913,138,1,20,True
938,14,4,Kled,Side.red,10,7725,13717,7725,1,12684,15.0,5,16,5,138373,18966,203,3,18,True
939,4,3,Lux,Side.red,5,109,747,109,6,12595,1.8333333333333333,6,14,59,142084,12185,207,0,22,False
940,11,4,RekSai,Side.blue,6,3511,34452,3511,5,11053,2.2,5,15,18,157487,33580,15,0,33,False
941,14,11,Hecarim,Side.red,4,2324,18266,2324,4,12712,3.25,9,14,14,167876,33864,36,0,26,False
942,4,3,Seraphine,Side.red,10,1775,2589,1775,5,8252,2.4,2,13,17,90440,10865,155,0,20,False
943,4,12,Poppy,Side.blue,9,3830,3830,3830,4,11161,3.5,5,15,40,115074,29213,149,2,33,False
944,14,4,Lux,Side.blue,26,2185,8913,2185,6,11370,5.333333333333333,6,13,50,62252,14396,30,2,78,True
945,14,4,Shen,Side.blue,7,0,0,0,6,6532,1.1666666666666667,0,12,29,49420,20187,109,0,24,False
946,7,4,Caitlyn,Side.red,5,654,3373,654,9,6455,0.6666666666666666,1,10,18,65519,12899,104,0,18,False
947,14,4,MonkeyKing,Side.red,6,2073,4569,2073,7,9197,1.4285714285714286,4,14,9,77105,21302,118,0,11,True
948,4,11,Ekko,Side.blue,6,121,10988,121,5,9773,3.0,9,12,16,122397,23291,25,0,26,False
949,12,14,Jax,Side.red,3,9451,18412,9451,5,15648,2.4,9,16,13,176006,28857,220,3,31,True
950,4,14,Leona,Side.blue,10,0,465,0,2,4607,5.0,0,8,29,9737,9581,18,0,29,True
951,4,7,Jhin,Side.red,13,862,4398,862,3,11423,6.0,5,15,15,136459,14476,192,0,14,True
952,4,3,Nami,Side.blue,18,828,935,828,13,6910,1.3846153846153846,0,11,37,11294,18020,9,0,70,False
953,14,4,Singed,Side.red,12,1146,2408,1146,5,12844,3.2,4,17,49,161327,35044,212,0,29,True
954,4,12,Irelia,Side.blue,0,0,0,0,6,5081,0.3333333333333333,2,10,6,46880,12948,102,0,9,False
955,4,14,Lulu,Side.red,22,2963,2963,2963,2,10409,13.0,4,13,19,23076,7534,13,1,48,True
956,4,11,Kindred,Side.blue,5,77,7242,77,8,6498,0.875,2,10,6,73910,14869,13,0,16,False
957,3,4,Aphelios,Side.blue,7,10321,24838,10321,2,11730,6.0,5,13,12,124797,8782,166,3,15,True
958,14,4,Ekko,Side.blue,3,5626,7538,5626,7,14249,1.7142857142857142,9,16,10,166215,36309,199,2,19,False
959,4,12,Kennen,Side.red,0,206,3273,206,5,4234,0.0,0,9,9,39830,8585,95,0,11,False
960,4,3,Xayah,Side.blue,9,6953,23550,6953,5,16006,3.0,6,17,26,232261,19164,263,3,34,True
961,4,14,Soraka,Side.blue,16,1347,2927,1347,3,7403,5.333333333333333,0,12,29,17087,10393,7,0,64,True
962,4,12,TwistedFate,Side.red,3,0,0,0,4,5307,0.75,0,10,12,46325,9132,113,0,12,False
